"Name","Team","G","PA","AB","H","2B","3B","HR","R","RBI","BB","SO","HBP","SB","CS","AVG","OBP","SLG","OPS","wOBA","Fld","BsR","WAR","ADP","playerid"
"Mike Trout","LAA","157","679","538","151","27","4","43","116","116","121","149","12","12","3",".281",".421",".586","1.007",".411","-3.1","1.3","7.5","5.9","10155"
"Mookie Betts","LAD","157","679","583","165","34","3","33","118","95","82","105","5","22","5",".282",".373",".523",".895",".372","14.7","4.0","6.2","4.0","13611"
"Juan Soto","WSN","154","665","543","165","34","3","39","118","131","113","113","4","14","4",".303",".424",".595","1.018",".415","-2.5","0.3","5.9","3.4","20123"
"Alex Bregman","HOU","152","658","549","153","37","2","30","99","98","94","87","9","6","2",".278",".389",".519",".908",".381","-1.2","-0.2","5.8","46.0","17678"
"Fernando Tatis Jr.","SDP","154","665","584","166","28","6","37","111","107","65","166","10","28","10",".284",".363",".543",".906",".375","-2.1","1.5","5.7","2.3","19709"
"Ronald Acuna Jr.","ATL","156","672","569","160","29","2","42","125","106","88","169","10","30","8",".282",".385",".559",".945",".391","3.9","3.3","5.7","1.7","18401"
"Jose Ramirez","CLE","154","665","574","160","41","3","34","103","105","78","98","6","26","8",".279",".368",".540",".908",".376","1.8","2.6","5.7","10.9","13510"
"Anthony Rendon","LAA","154","665","564","158","36","2","28","92","101","84","99","11","3","1",".280",".380",".501",".882",".369","3.6","0.4","5.6","39.4","12861"
"Cody Bellinger","LAD","151","651","558","155","29","4","40","101","120","85","127","3","15","4",".277",".373",".555",".928",".379","1.2","0.9","5.4","16.8","15998"
"Corey Seager","LAD","149","644","575","167","37","2","31","98","111","58","115","5","4","1",".291",".358",".524",".882",".367","-0.1","0.9","5.3","33.6","13624"
"Matt Chapman","OAK","151","651","574","141","34","4","36","94","97","63","174","8","2","2",".246",".328",".508",".836",".347","9.6","0.3","5.1","115.8","16505"
"Francisco Lindor","NYM","157","679","605","162","35","2","32","100","87","60","105","6","19","6",".267",".338",".490",".828",".343","7.2","0.6","5.0","18.2","12916"
"Carlos Correa","HOU","151","651","571","154","30","1","30","85","104","68","146","5","2","0",".270",".349",".481",".830",".347","-0.5","0.6","4.6","121.7","14162"
"Freddie Freeman","ATL","157","679","576","170","40","2","32","107","112","91","124","8","6","3",".295",".396",".538",".934",".386","3.5","-0.5","4.5","12.8","5361"
"Aaron Judge","NYY","134","581","484","122","20","1","36","94","93","86","179","5","4","3",".252",".369",".521",".890",".371","7.6","-0.3","4.4","53.2","15640"
"Christian Yelich","MIL","156","672","566","155","30","3","35","106","95","93","162","7","19","5",".275",".382",".524",".906",".376","-0.6","2.4","4.3","10.8","11477"
"Manny Machado","SDP","156","672","597","163","30","2","35","93","113","66","116","3","10","5",".273",".345",".507",".853",".352","3.3","-0.2","4.3","21.1","11493"
"Trea Turner","WSN","152","658","593","172","34","7","25","105","80","55","115","5","35","8",".291",".354",".494",".848",".356","-3.4","4.3","4.3","7.2","16252"
"Gleyber Torres","NYY","147","637","559","155","27","1","34","90","106","66","127","6","7","2",".278",".357",".511",".868",".362","-7.5","-0.2","4.2","65.1","16997"
"Bo Bichette","TOR","149","644","591","167","38","5","25","92","95","44","119","3","27","9",".283",".333",".489",".822",".343","0.8","0.9","4.2","24.5","19612"
"Xander Bogaerts","BOS","149","644","571","162","37","2","27","92","94","64","116","4","11","2",".284",".358",".495",".853",".357","-4.6","1.7","4.1","34.1","12161"
"Yasmani Grandal","CHW","136","546","456","105","20","1","24","69","74","81","143","4","2","1",".230",".347",".438",".786",".336","3.4","-2.4","4.1","131.3","11368"
"DJ LeMahieu","NYY","151","651","590","177","28","3","20","97","76","49","90","4","7","3",".300",".355",".459",".814",".345","4.4","-0.1","4.1","27.6","9874"
"George Springer","TOR","146","630","547","148","24","3","31","101","92","68","123","8","6","4",".271",".357",".495",".852",".358","-2.0","-0.2","4.0","48.0","12856"
"Nolan Arenado","STL","152","658","583","154","29","2","30","85","93","64","102","4","2","2",".264",".337",".478",".815",".337","8.0","0.0","3.9","40.7","9777"
"Ozzie Albies","ATL","151","651","594","168","36","5","27","97","88","46","109","5","16","4",".283",".338",".495",".833",".347","4.6","2.1","3.9","34.4","16556"
"Bryce Harper","PHI","154","665","538","138","29","2","36","105","111","115","162","6","14","5",".256",".390",".521",".911",".376","-1.9","-0.6","3.9","18.0","11579"
"Trevor Story","COL","152","658","589","162","35","6","34","100","90","59","172","5","26","8",".274",".344",".525",".869",".360","2.4","1.9","3.8","12.2","12564"
"J.T. Realmuto","PHI","136","544","491","131","27","2","24","75","86","40","120","8","7","2",".267",".330",".477",".806",".337","4.0","1.2","3.8","46.5","11739"
"Rafael Devers","BOS","152","658","601","171","41","3","33","99","106","47","137","5","6","4",".284",".339",".526",".865",".357","-4.2","0.3","3.6","41.2","17350"
"Jose Altuve","HOU","154","665","596","169","31","2","24","97","81","57","105","6","13","6",".283",".350",".464",".814",".344","-4.0","0.0","3.6","95.9","5417"
"Byron Buxton","MIN","136","588","542","139","31","4","30","83","88","34","154","5","21","5",".257",".305",".492",".797",".330","7.8","2.7","3.6","109.7","14161"
"Kyle Tucker","HOU","151","651","584","157","31","7","30","94","102","55","138","5","23","6",".268",".333",".495",".829",".344","2.9","1.8","3.6","32.0","18345"
"Luis Robert","CHW","149","644","589","154","27","5","30","85","94","40","181","8","25","9",".261",".314",".478",".792",".331","4.0","0.8","3.4","34.8","20043"
"Josh Donaldson","MIN","136","588","489","118","23","0","29","80","81","88","143","7","3","1",".242",".363",".468",".831",".352","0.9","-1.1","3.4","193.1","5038"
"Marcell Ozuna","ATL","149","644","572","161","28","2","35","89","120","66","138","2","5","2",".282",".357",".520",".877",".364","1.5","0.1","3.4","44.4","10324"
"Ketel Marte","ARI","154","665","600","172","36","8","21","87","74","52","90","6","7","2",".287",".347",".475",".822",".345","0.7","0.3","3.4","83.2","13613"
"Yordan Alvarez","HOU","122","525","455","128","27","0","34","80","95","62","134","3","4","1",".282",".369",".565",".934",".382","0.0","-0.4","3.4","77.6","19556"
"Michael Conforto","NYM","151","651","552","143","27","1","30","92","96","83","160","11","7","4",".260",".366",".478",".844",".356","0.0","-0.1","3.4","73.9","16376"
"Trent Grisham","SDP","143","616","524","129","23","6","23","86","73","78","140","6","16","5",".246",".348",".440",".788",".336","5.4","0.2","3.4","69.9","18564"
"Ramon Laureano","OAK","149","644","568","140","31","2","27","84","84","53","175","15","13","4",".247",".324",".450",".774",".327","2.0","1.5","3.4","144.7","17128"
"Jeff McNeil","NYM","154","665","595","174","37","3","19","86","77","48","85","15","7","5",".293",".359",".460",".819",".346","-3.2","-1.3","3.3","93.3","15362"
"Matt Olson","OAK","146","630","543","130","23","1","40","86","107","75","176","8","2","0",".239",".338",".506",".844",".350","5.9","-0.8","3.3","91.6","14344"
"Marcus Semien","TOR","149","644","570","148","29","3","24","91","81","66","113","2","11","4",".259",".336",".451",".787",".333","1.7","0.8","3.3","125.9","12533"
"Eloy Jimenez","CHW","147","637","589","169","32","2","39","86","114","39","148","4","1","0",".286",".333",".545",".878",".362","-4.7","0.1","3.2","31.3","17484"
"Yoan Moncada","CHW","147","637","564","144","27","5","24","84","81","63","189","4","8","4",".256",".333",".449",".783",".330","1.5","0.3","3.1","87.7","17232"
"Max Kepler","MIN","146","630","548","136","32","2","30","91","81","69","111","7","6","3",".248",".337",".475",".813",".342","5.6","0.0","3.0","190.4","12144"
"Anthony Rizzo","CHC","157","679","569","151","29","2","29","92","96","81","103","23","7","3",".265",".376",".477",".852",".359","4.1","-2.3","3.0","106.4","3473"
"Paul DeJong","STL","149","644","572","141","30","1","26","81","88","54","161","11","5","2",".247",".320",".440",".761",".321","3.9","-0.3","3.0","237.6","18015"
"Vladimir Guerrero Jr.","TOR","144","623","558","160","32","4","27","84","97","55","98","5","3","1",".286",".354",".505",".859",".359","-0.5","-1.3","3.0","51.0","19611"
"Kris Bryant","CHC","146","630","538","136","30","3","25","91","74","70","149","15","3","2",".253",".353",".461",".814",".345","-2.5","0.7","2.9","122.8","15429"
"Andrelton Simmons","MIN","136","588","541","150","31","2","9","69","60","38","58","4","10","3",".277",".328",".393",".720",".309","9.7","0.8","2.9","494.2","10847"
"Aaron Hicks","NYY","134","581","482","115","23","3","22","82","75","90","128","3","8","4",".238",".358",".432",".789",".339","-1.8","0.7","2.9","250.1","5297"
"Justin Turner","LAD","126","546","474","131","26","1","19","75","73","52","89","14","2","0",".277",".362",".461",".823",".350","-2.9","-0.8","2.9","200.5","5235"
"Ke'Bryan Hayes","PIT","134","581","517","140","32","5","16","72","63","53","116","5","9","3",".270",".341",".446",".787",".332","4.6","0.2","2.8","139.4","18577"
"Michael Brantley","HOU","139","602","543","159","33","2","18","78","79","49","75","5","6","2",".293",".354",".460",".814",".344","0.9","-0.1","2.8","149.7","4106"
"Cavan Biggio","TOR","141","609","510","118","25","2","20","83","69","87","162","5","13","4",".232",".347",".410",".757",".327","2.2","0.6","2.8","68.2","19252"
"Eugenio Suarez","CIN","152","658","565","138","24","2","36","86","107","78","180","9","4","2",".244",".342",".486",".828",".346","-5.4","-1.4","2.8","68.1","12552"
"Brandon Lowe","TBR","131","567","502","123","26","3","26","74","81","53","162","7","6","2",".245",".324",".466",".790",".332","0.8","0.9","2.8","71.4","18882"
"Pete Alonso","NYM","151","651","563","138","25","1","43","91","110","67","172","16","2","2",".246",".340",".523",".863",".356","0.2","-1.5","2.8","55.7","19251"
"Brian Anderson","MIA","154","665","584","147","31","3","23","77","84","61","160","16","3","2",".252",".337",".434",".771",".328","-0.9","-0.1","2.7","259.6","18289"
"Alec Bohm","PHI","134","581","520","148","28","2","20","73","80","50","108","4","5","3",".284",".349",".465",".814",".343","-0.4","-0.5","2.7","999.0","21618"
"Alex Verdugo","BOS","136","588","530","152","35","2","16","76","62","48","96","4","8","3",".287",".348",".450",".799",".338","1.8","0.5","2.6","129.2","17027"
"Javier Baez","CHC","154","665","623","163","33","4","31","88","100","32","186","5","13","5",".261",".301",".480",".780",".322","-0.2","1.0","2.6","72.6","12979"
"Tim Anderson","CHW","154","665","628","178","34","3","24","93","78","25","151","5","19","6",".284",".315",".461",".776",".325","-8.5","1.7","2.6","44.7","15172"
"Christian Vazquez","BOS","110","437","401","105","21","1","14","50","50","29","86","2","6","3",".261",".313",".419",".732",".310","4.2","-1.2","2.6","152.0","9774"
"Paul Goldschmidt","STL","151","651","558","146","27","2","26","87","82","84","157","5","5","2",".262",".361",".458",".819",".348","1.9","0.1","2.5","92.2","9218"
"Giancarlo Stanton","NYY","130","560","481","120","23","1","39","84","107","67","180","7","4","2",".250",".347",".543",".890",".365","0.0","-1.0","2.5","114.5","4949"
"J.P. Crawford","SEA","151","651","565","137","25","5","13","78","63","71","135","8","11","5",".243",".334",".375",".709",".309","0.6","-0.1","2.5","505.7","15491"
"Rhys Hoskins","PHI","141","609","500","119","27","2","32","90","98","94","150","10","4","2",".238",".367",".488",".855",".360","0.3","-0.7","2.5","162.0","16472"
"Sean Murphy","OAK","104","410","363","87","19","1","16","51","51","36","97","5","2","1",".241",".314",".436",".750",".317","1.8","0.2","2.5","183.2","19352"
"Luke Voit","NYY","141","609","531","139","23","1","34","89","101","64","156","9","1","0",".261",".349",".500",".849",".356","-1.6","-0.8","2.5","61.6","14811"
"Max Muncy","LAD","134","581","480","114","19","1","30","85","93","89","150","7","4","1",".238",".363",".467",".830",".352","1.0","0.0","2.5","98.9","13301"
"Adalberto Mondesi","KCR","147","637","592","150","29","9","19","81","76","31","180","3","54","15",".253",".292",".429",".721",".302","4.0","5.0","2.5","24.4","13769"
"Salvador Perez","KCR","131","526","495","129","26","1","28","62","85","17","114","8","2","1",".261",".294",".486",".780",".322","5.3","-1.2","2.5","84.3","7304"
"Giovanny Urshela","NYY","143","616","563","156","32","0","20","77","86","40","108","6","3","1",".277",".328",".442",".769",".325","0.6","-0.7","2.4","165.4","10681"
"Luis Arraez","MIN","125","539","486","151","29","2","5","66","48","45","45","2","5","2",".311",".370",".410",".780",".337","-0.4","-0.4","2.4","471.7","18568"
"Brandon Nimmo","NYM","120","518","422","103","21","4","16","71","52","79","127","12","6","3",".243",".376",".427",".803",".348","-5.5","-0.1","2.4","265.8","12927"
"Didi Gregorius","PHI","134","581","531","142","25","3","24","76","92","36","80","6","6","3",".267",".318",".465",".783",".325","-0.2","0.0","2.3","161.9","6012"
"Ian Happ","CHC","139","602","516","127","24","2","28","81","79","76","177","5","9","4",".246",".346",".464",".810",".342","-3.1","-0.3","2.3","162.5","17919"
"Jose Iglesias","LAA","130","560","526","150","35","2","10","61","66","21","71","7","7","4",".285",".320",".414",".734",".311","3.0","0.0","2.3","521.8","10231"
"Nick Madrigal","CHW","141","609","559","166","28","3","6","67","54","33","36","9","21","10",".298",".344",".391",".735",".317","3.3","-1.5","2.3","191.2","20521"
"Willy Adames","TBR","131","567","505","125","24","2","18","65","62","53","160","3","7","3",".247",".319",".411",".730",".311","-0.5","0.3","2.2","439.2","15986"
"Mark Canha","OAK","141","609","515","124","28","3","23","79","79","71","144","17","5","2",".241",".348",".442",".790",".336","-0.7","-0.2","2.2","265.0","11445"
"Tommy Pham","SDP","131","567","488","128","23","2","19","78","66","69","123","6","19","5",".262",".358",".432",".790",".339","0.6","1.8","2.2","139.1","2967"
"Kyle Seager","SEA","146","630","556","134","29","1","25","74","89","59","120","9","5","2",".242",".321",".432",".754",".317","-0.3","-0.8","2.2","294.4","9785"
"Jeimer Candelario","DET","139","602","529","132","29","4","21","74","74","62","149","7","3","1",".249",".334",".438",".772",".328","2.5","-0.3","2.2","283.4","13621"
"Nelson Cruz","MIN","133","574","502","134","22","0","35","79","97","59","150","9","1","0",".267",".353",".524",".877",".361","0.0","-2.1","2.2","91.1","2434"
"Travis d'Arnaud","ATL","112","442","399","105","19","0","17","51","71","34","103","4","1","0",".262",".324",".441",".765",".323","-2.4","-0.7","2.2","140.1","7739"
"Joey Gallo","TEX","149","644","540","113","24","2","41","90","100","93","240","8","7","3",".209",".332",".489",".821",".342","2.5","0.8","2.1","152.2","14128"
"Randy Arozarena","TBR","144","623","552","144","28","3","26","84","78","48","151","17","21","10",".261",".336",".464",".800",".337","-3.7","-0.8","2.1","58.8","19290"
"Miguel Sano","MIN","149","644","560","129","26","2","42","95","105","74","244","5","1","0",".231",".323",".510",".833",".345","-0.4","-0.9","2.1","199.0","12164"
"Starling Marte","MIA","146","630","578","158","30","4","17","82","71","31","113","15","24","8",".273",".325",".428",".753",".319","-2.9","1.7","2.1","49.8","9241"
"Mike Yastrzemski","SFG","149","644","567","144","31","6","23","86","80","63","164","7","7","4",".254",".334",".453",".787",".331","2.4","-0.5","2.1","139.6","14854"
"David Fletcher","LAA","147","637","581","162","32","3","8","77","53","45","70","3","8","3",".279",".333",".385",".718",".310","3.0","-0.1","2.1","236.0","17992"
"Jorge Polanco","MIN","131","567","512","140","29","4","15","73","65","44","93","4","8","4",".274",".334",".436",".770",".326","-2.6","-0.1","2.1","251.9","13152"
"Dansby Swanson","ATL","149","644","571","143","31","3","20","84","80","60","159","5","11","4",".250",".325",".419",".744",".315","0.0","1.2","2.0","108.7","18314"
"Miguel Rojas","MIA","128","553","500","135","26","1","9","58","54","39","70","8","10","4",".270",".330",".384",".714",".306","3.7","-0.6","2.0","505.8","7802"
"Buster Posey","SFG","118","474","425","111","22","1","8","48","48","41","72","4","2","1",".261",".330",".371",".701",".303","3.7","-1.3","2.0","239.2","9166"
"Kyle Schwarber","WSN","121","525","446","106","19","2","32","75","83","70","146","5","3","2",".238",".346",".505",".851",".352","0.0","-0.8","2.0","198.9","16478"
"Mike Moustakas","CIN","149","644","576","147","30","1","36","80","107","55","121","8","3","1",".255",".326",".495",".820",".340","-5.1","-1.3","2.0","120.5","4892"
"Kolten Wong","MIL","133","574","501","132","25","4","11","67","57","51","93","13","15","5",".264",".344",".396",".740",".318","3.6","0.9","2.0","251.1","12532"
"Will Smith","LAD","94","372","322","77","16","1","19","50","63","40","91","5","2","0",".240",".331",".475",".805",".337","1.7","-0.4","2.0","99.4","19197"
"Harrison Bader","STL","131","567","495","114","21","3","19","71","62","51","173","14","14","5",".230",".317",".403",".721",".308","5.9","0.8","1.9","520.2","18030"
"Willson Contreras","CHC","113","450","389","97","20","2","17","57","61","45","110","13","3","3",".250",".345",".441",".786",".335","-1.0","-1.4","1.9","123.5","11609"
"Whit Merrifield","KCR","154","665","610","172","35","4","16","87","65","41","106","6","26","8",".281",".331",".428",".759",".322","2.0","1.8","1.9","41.8","11281"
"Danny Jansen","TOR","89","352","305","71","14","1","13","43","46","35","69","6","2","0",".233",".322",".414",".736",".315","0.0","-0.2","1.9","323.5","16535"
"Nick Ahmed","ARI","149","644","583","146","32","4","18","73","79","51","130","3","8","3",".250",".311",".411",".722",".306","3.4","0.8","1.9","487.4","12147"
"Kevin Kiermaier","TBR","122","525","475","110","20","7","14","60","59","39","129","6","17","6",".232",".297",".397",".694",".294","7.6","1.3","1.9","538.5","11038"
"Jose Abreu","CHW","154","665","607","165","35","2","33","86","115","40","153","11","2","1",".272",".326",".499",".825",".341","-2.6","-1.4","1.8","41.2","15676"
"Joc Pederson","CHC","130","560","487","118","25","3","28","80","76","57","124","11","3","2",".243",".333",".480",".812",".340","0.8","-0.5","1.8","261.2","11899"
"Willi Castro","DET","130","560","514","139","24","6","15","66","65","31","128","7","9","4",".271",".318",".428",".746",".316","-2.1","-0.3","1.8","245.5","17338"
"Max Stassi","LAA","84","333","291","66","12","0","13","37","42","32","89","5","1","1",".225",".310",".398",".708",".304","-0.8","-0.9","1.8","430.4","10059"
"J.D. Martinez","BOS","149","644","567","154","33","2","32","88","100","67","155","4","3","1",".271",".349",".506",".855",".353","0.0","-1.5","1.8","92.7","6184"
"Mitch Haniger","SEA","131","567","496","123","27","2","24","76","71","56","145","10","6","3",".247",".333",".453",".786",".332","1.4","-0.7","1.8","248.0","14274"
"Kyle Lewis","SEA","149","644","573","137","23","1","22","73","74","62","196","3","7","3",".239",".314",".396",".710",".305","0.0","0.3","1.8","146.1","19508"
"Jean Segura","PHI","136","588","539","151","27","4","14","75","65","38","87","5","11","5",".279",".331",".420",".750",".318","0.1","0.7","1.8","188.8","5933"
"Lorenzo Cain","MIL","125","539","480","129","22","2","10","67","43","49","94","6","15","5",".270",".343",".385",".727",".315","4.5","1.1","1.8","282.7","9077"
"Jorge Soler","KCR","143","616","532","129","26","1","34","78","91","71","181","8","3","1",".243",".339",".485",".824",".346","-0.1","-0.4","1.8","144.0","14221"
"Lourdes Gurriel Jr.","TOR","138","595","552","148","30","1","28","75","89","31","137","6","7","4",".269",".311",".479",".790",".329","0.5","-1.0","1.7","88.7","19238"
"Eddie Rosario","CLE","128","553","515","143","27","1","28","75","89","31","89","1","6","2",".277",".318",".496",".813",".336","-0.7","0.1","1.7","107.4","12155"
"Jesse Winker","CIN","117","504","427","116","22","1","20","66","63","64","99","9","3","2",".271",".375",".464",".838",".357","-3.5","-1.1","1.7","211.5","13590"
"Victor Robles","WSN","151","651","579","146","30","4","17","79","72","41","149","21","24","9",".252",".322",".406",".728",".311","3.2","1.0","1.7","137.9","18363"
"Carson Kelly","ARI","96","378","333","81","16","0","13","41","46","38","78","3","1","0",".242",".323",".413",".736",".312","0.5","-0.4","1.7","263.3","13620"
"Anthony Santander","BAL","147","637","591","156","36","3","29","80","95","35","119","6","4","3",".264",".309",".483",".791",".327","1.5","-1.4","1.7","167.3","14551"
"Carlos Santana","KCR","146","630","525","129","25","1","22","81","78","97","101","4","2","1",".246",".365",".426",".791",".339","0.2","-0.6","1.7","289.5","2396"
"Brandon Belt","SFG","120","518","440","109","26","2","18","64","64","71","117","3","3","1",".248",".354",".436",".790",".337","3.8","-1.0","1.6","468.5","10264"
"Roberto Perez","CLE","96","378","330","67","11","1","12","35","41","37","117","4","1","0",".204",".291",".352",".643",".279","6.8","-1.0","1.6","526.8","2900"
"Gavin Lux","LAD","115","497","448","114","21","4","19","64","71","42","111","2","8","4",".255",".320",".448",".768",".323","-1.1","-0.3","1.6","226.3","19955"
"Teoscar Hernandez","TOR","147","637","574","139","27","3","36","85","98","54","204","4","11","5",".242",".309",".489",".798",".331","-0.9","0.0","1.6","84.9","13066"
"Jonathan Schoop","DET","128","553","513","134","24","3","24","70","75","25","124","9","2","0",".261",".305",".460",".766",".319","-2.6","0.0","1.6","380.4","11265"
"Jacob Stallings","PIT","94","371","333","84","19","0","7","36","38","28","84","4","1","1",".251",".315",".377",".691",".296","2.9","-0.6","1.6","480.4","13723"
"Ryan Mountcastle","BAL","134","581","540","152","27","2","24","69","86","31","131","4","2","1",".281",".322",".472",".794",".332","0.6","-0.6","1.6","154.2","18373"
"Cesar Hernandez","CLE","131","567","501","133","26","2","10","68","49","56","110","5","7","3",".266",".343",".384",".728",".315","-0.7","0.1","1.6","397.7","10556"
"Jason Heyward","CHC","125","539","468","118","20","4","15","64","62","62","98","5","5","2",".253",".343",".409",".753",".323","5.0","0.5","1.5","518.0","4940"
"Wil Myers","SDP","141","609","541","132","28","3","28","77","91","59","180","4","14","5",".243",".320",".462",".782",".328","-1.6","1.0","1.5","135.6","10047"
"Hunter Dozier","KCR","144","623","551","134","28","6","22","75","74","64","167","3","6","2",".243",".323",".434",".758",".321","-4.1","-0.6","1.5","237.5","15117"
"Chris Taylor","LAD","117","504","446","112","26","4","16","64","66","48","140","5","8","3",".250",".328",".433",".761",".323","-2.8","0.5","1.5","234.1","13757"
"Ryan Jeffers","MIN","81","320","290","72","12","0","12","37","37","23","77","5","1","0",".249",".313",".415",".728",".310","0.5","-0.2","1.4","427.9","24618"
"Adam Eaton","CHW","121","525","459","120","21","3","12","71","50","48","94","10","10","3",".261",".342",".404",".745",".322","0.4","0.8","1.4","415.0","11205"
"Shohei Ohtani","LAA","115","497","440","113","22","2","24","68","80","50","139","3","14","4",".258",".336",".481",".817",".342","0.0","0.6","1.4","178.5","19755"
"Austin Nola","SDP","89","354","312","78","16","2","9","40","43","33","73","5","2","1",".249",".328",".392",".720",".309","-0.7","-0.1","1.4","181.6","15941"
"Gary Sanchez","NYY","109","429","377","82","14","0","27","57","76","42","130","7","1","0",".218",".305",".468",".773",".323","-6.0","-0.7","1.4","154.3","11442"
"Austin Meadows","TBR","117","504","451","113","24","3","21","65","64","43","123","5","10","4",".252",".322",".461",".783",".328","0.3","-0.4","1.4","87.7","15672"
"Franmil Reyes","CLE","152","658","585","150","26","0","37","87","105","63","192","3","1","1",".257",".329",".493",".822",".342","0.0","-1.1","1.4","157.5","14566"
"Andrew Benintendi","KCR","131","567","489","124","27","3","14","71","58","65","120","5","13","5",".253",".344",".408",".752",".323","1.1","0.3","1.4","217.7","17901"
"Manuel Margot","TBR","105","455","412","105","21","3","11","53","48","35","90","2","19","7",".256",".316",".405",".721",".307","4.0","0.9","1.4","258.2","14712"
"Trey Mancini","BAL","131","567","511","137","25","2","25","71","78","43","131","7","1","0",".268",".331",".477",".808",".338","-0.8","0.0","1.4","159.7","15149"
"A.J. Pollock","LAD","131","567","516","130","26","2","28","75","86","37","128","7","9","3",".252",".309",".472",".781",".325","-0.2","0.1","1.4","194.9","9256"
"Tucker Barnhart","CIN","104","410","359","84","16","1","11","39","44","44","90","2","2","1",".234",".319",".377",".696",".299","5.5","-1.5","1.4","533.0","10200"
"Dominic Smith","NYM","131","567","514","135","32","2","23","70","81","42","136","7","2","1",".263",".324",".464",".788",".331","-2.9","-0.6","1.4","126.7","15653"
"Luis Urias","MIL","122","525","459","114","23","4","11","58","57","51","119","9","6","3",".248",".333",".388",".721",".312","1.0","-0.6","1.3","490.2","16622"
"Ty France","SEA","128","553","497","130","25","2","18","65","69","35","117","16","2","2",".262",".328",".434",".762",".324","0.0","-1.1","1.3","306.2","17982"
"Adam Frazier","PIT","122","525","473","126","26","3","11","61","50","39","74","7","5","4",".266",".329",".403",".732",".313","0.7","-0.6","1.3","529.8","15223"
"Alejandro Kirk","TOR","79","326","292","79","19","1","10","41","41","28","49","3","2","1",".272",".340",".445",".784",".332","0.1","-0.2","1.3","312.2","22581"
"Eduardo Escobar","ARI","141","609","553","139","28","6","22","72","80","45","120","4","3","2",".251",".309",".444",".753",".312","0.4","-0.4","1.3","305.5","6153"
"Austin Hays","BAL","113","490","456","118","21","2","19","61","61","24","103","5","9","6",".260",".303",".441",".744",".312","2.4","-0.8","1.3","252.8","19363"
"Myles Straw","HOU","130","560","498","127","18","4","4","64","41","53","114","3","34","9",".254",".327",".327",".654",".289","2.0","2.8","1.3","279.8","17620"
"Austin Riley","ATL","133","574","522","129","25","3","29","72","90","42","162","6","1","1",".248",".309",".472",".781",".324","-2.7","-0.6","1.3","218.9","18360"
"Jake Cronenworth","SDP","110","476","425","113","23","4","8","56","49","42","82","5","10","4",".267",".337",".399",".736",".317","1.0","-0.2","1.3","213.1","18036"
"Dylan Carlson","STL","136","588","525","130","28","6","18","69","71","51","139","6","12","6",".248",".318",".427",".745",".315","3.8","-0.6","1.3","999.0","20126"
"Yandy Diaz","TBR","109","469","404","111","20","1","9","57","44","58","83","3","2","2",".274",".367",".394",".760",".330","0.1","-0.6","1.3","534.7","16578"
"Andres Gimenez","CLE","123","532","484","123","22","5","11","63","52","28","114","13","26","12",".253",".310",".392",".701",".300","0.9","0.0","1.3","159.9","19950"
"Yadier Molina","STL","102","403","373","96","17","0","9","38","46","19","62","6","3","1",".257",".301",".378",".679",".290","2.9","-1.4","1.3","263.0","7007"
"Clint Frazier","NYY","128","553","487","119","26","3","24","72","79","53","156","7","6","2",".244",".325",".456",".781",".329","-3.5","-0.5","1.2","176.4","15983"
"J.D. Davis","NYM","102","441","390","101","20","1","17","54","55","41","106","6","2","1",".258",".335",".441",".776",".329","-5.4","-0.7","1.2","265.7","16219"
"Elvis Andrus","OAK","139","602","557","140","29","3","12","68","60","35","93","4","17","7",".252",".298",".380",".678",".289","-2.6","1.1","1.2","369.1","8709"
"Tommy Edman","STL","118","511","468","123","21","5","11","62","49","31","96","6","13","4",".263",".314",".398",".712",".304","2.1","0.9","1.2","131.4","19470"
"Mitch Garver","MIN","79","315","277","65","13","1","14","42","43","33","89","3","1","0",".236",".321",".442",".762",".323","-2.4","-0.4","1.2","202.4","15161"
"Amed Rosario","CLE","96","413","386","108","19","4","10","50","44","20","78","2","11","5",".281",".318",".428",".746",".314","-1.4","0.3","1.2","393.0","15518"
"Austin Barnes","LAD","58","230","197","44","9","1","5","27","24","26","55","4","4","1",".224",".326",".347",".674",".295","0.6","-0.1","1.1","561.7","12158"
"Nico Hoerner","CHC","118","511","461","124","22","4","8","61","58","37","74","7","11","5",".269",".330",".389",".718",".309","0.8","-0.1","1.1","494.2","21479"
"David Peralta","ARI","130","560","511","138","27","3","17","63","71","41","118","5","2","1",".271",".329",".437",".766",".324","2.2","-0.5","1.1","284.1","2136"
"Ji-Man Choi","TBR","104","448","381","93","21","1","16","53","55","57","110","4","2","1",".243",".345",".429",".774",".329","-0.6","-0.5","1.1","571.4","5452"
"Andrew McCutchen","PHI","134","581","500","124","22","1","23","81","73","69","129","5","8","3",".248",".343",".438",".781",".333","-3.4","-1.3","1.1","206.8","9847"
"Nick Solak","TEX","128","553","495","131","23","2","16","68","66","46","118","7","9","3",".266",".334",".415",".748",".320","-3.7","0.6","1.1","178.4","19294"
"Martin Maldonado","HOU","94","371","329","69","14","0","12","40","40","30","105","7","1","1",".210",".289",".358",".647",".280","2.6","-1.0","1.1","535.2","6887"
"Robbie Grossman","DET","126","546","469","118","26","3","13","66","56","67","103","5","10","4",".252",".349",".409",".758",".326","-2.5","-0.5","1.1","426.1","5254"
"James McCann","NYM","110","435","397","93","16","1","15","46","52","28","125","7","3","2",".234",".294",".389",".682",".291","1.8","-0.9","1.1","180.0","12859"
"Tommy La Stella","SFG","100","434","387","106","20","2","10","54","46","37","41","5","2","0",".275",".344",".413",".757",".324","-3.7","-0.3","1.0","377.3","12371"
"C.J. Cron","COL","123","532","476","128","26","1","31","70","89","40","125","12","1","1",".268",".337",".521",".858",".356","0.9","-1.4","1.0","206.4","12546"
"Tom Murphy","SEA","92","369","340","74","15","2","16","39","47","23","128","3","2","1",".217",".272",".413",".685",".287","0.0","-0.3","1.0","355.0","13499"
"Travis Shaw","MIL","91","392","338","77","15","0","18","46","49","47","105","3","2","1",".229",".326",".436",".763",".323","0.1","-0.6","1.0","559.8","11982"
"Jurickson Profar","SDP","104","448","395","99","20","2","14","55","57","41","67","8","8","2",".251",".331",".420",".750",".320","-0.4","0.8","1.0","298.9","10815"
"Christian Walker","ARI","133","574","511","129","29","2","23","74","79","52","144","6","4","1",".253",".327",".458",".784",".329","1.4","0.3","1.0","210.0","13419"
"Joey Wendle","TBR","89","385","352","90","19","3","6","42","37","21","74","8","10","3",".257",".310",".381",".691",".295","1.7","0.4","1.0","371.2","13853"
"Jared Walsh","LAA","99","427","384","94","19","2","22","56","66","33","124","5","1","0",".244",".310",".475",".785",".327","0.9","-0.3","1.0","230.3","18607"
"Jesus Aguilar","MIA","122","525","457","114","21","0","21","63","75","56","121","5","1","1",".249",".333",".434",".767",".326","0.6","-1.1","1.0","417.8","11342"
"Mike Zunino","TBR","92","365","330","64","14","0","16","38","47","26","134","6","1","0",".195",".264",".388",".652",".276","1.3","-0.7","1.0","558.4","13265"
"Rowdy Tellez","TOR","97","420","377","97","21","0","21","55","66","34","98","5","2","2",".258",".325",".485",".809",".336","0.2","-0.9","1.0","304.7","15679"
"Yan Gomes","WSN","81","320","289","70","14","1","11","35","41","23","76","5","2","0",".243",".307",".416",".724",".305","1.1","-0.4","1.0","306.8","9627"
"Stephen Piscotty","OAK","126","546","491","119","26","1","20","62","73","43","130","6","6","2",".243",".310",".416",".726",".309","-0.2","0.2","1.0","534.9","13367"
"Enrique Hernandez","BOS","97","420","373","92","23","2","15","55","55","38","85","4","3","1",".247",".320",".440",".761",".320","-1.5","0.2","1.0","438.4","10472"
"Alex Avila","WSN","68","269","221","45","8","0","9","27","28","43","96","3","1","0",".203",".336",".363",".699",".305","2.2","-0.7","0.9","597.8","7476"
"Carter Kieboom","WSN","107","462","399","98","17","2","11","54","52","50","106","8","3","2",".247",".339",".381",".720",".313","-0.1","-0.6","0.9","477.8","19958"
"Nick Senzel","CIN","130","560","506","127","30","3","17","69","63","45","138","4","16","7",".252",".316",".425",".741",".314","-0.7","-0.3","0.9","237.2","19293"
"Wilson Ramos","DET","78","308","281","77","13","0","10","31","40","22","50","2","0","0",".275",".329",".427",".756",".320","-2.6","-1.4","0.9","261.2","1433"
"Hunter Renfroe","BOS","109","469","423","98","23","1","26","59","76","37","133","4","4","1",".232",".297",".476",".773",".320","1.0","-0.1","0.9","451.6","15464"
"Josh Bell","WSN","136","588","509","131","25","2","28","78","96","70","130","4","1","1",".258",".349",".481",".830",".344","-4.9","-1.9","0.9","146.2","13145"
"Josh Naylor","CLE","112","483","435","119","24","2","15","61","58","41","76","3","4","2",".273",".338",".443",".781",".330","-1.9","-0.2","0.9","487.5","18839"
"Alexander Kirilloff","MIN","97","420","388","108","21","2","14","49","49","24","80","4","6","4",".279",".326",".449",".775",".326","-0.9","-0.7","0.9","999.0","sa917929"
"Alex Dickerson","SFG","109","469","420","112","23","4","16","61","64","37","94","6","2","0",".266",".333",".456",".789",".330","-3.4","-0.3","0.9","355.8","12649"
"Justin Upton","LAA","131","567","497","114","21","0","28","73","86","56","169","9","5","3",".229",".315",".443",".758",".321","-3.6","-0.5","0.9","380.1","5222"
"Bryan Reynolds","PIT","134","581","519","133","26","5","17","71","63","52","141","5","5","3",".255",".327",".422",".749",".319","-2.9","-0.9","0.9","332.4","19326"
"Corey Dickerson","MIA","126","546","506","135","28","3","18","63","64","32","102","3","4","2",".267",".313",".441",".754",".315","0.0","-0.7","0.9","424.0","10762"
"Ha-seong Kim","SDP","73","315","281","73","14","1","10","37","37","27","52","3","8","3",".260",".329",".418",".747",".318","0.0","-0.1","0.9","254.1","sa3011918"
"Kole Calhoun","ARI","110","476","414","97","20","2","21","61","62","51","116","6","3","2",".233",".324",".438",".762",".322","2.1","-0.4","0.9","347.2","11200"
"Jon Berti","MIA","91","392","340","82","14","2","7","47","33","40","92","7","20","6",".241",".331",".350",".681",".300","1.3","1.8","0.9","297.5","12037"
"Wander Franco","TBR","102","441","401","101","17","4","10","48","45","32","59","2","9","7",".253",".309",".388",".697",".297","0.2","-1.4","0.9","999.0","sa3007033"
"Christian Arroyo","BOS","78","336","307","80","18","1","11","40","44","22","72","4","3","1",".260",".315",".432",".747",".315","-0.1","-0.2","0.9","600.8","16434"
"Brandon Crawford","SFG","128","553","495","118","26","1","13","57","64","45","124","6","4","3",".239",".308",".378",".685",".291","1.2","-1.1","0.9","563.4","5343"
"Nate Lowe","TEX","92","399","348","91","17","1","17","50","50","45","100","3","2","1",".261",".347",".461",".808",".340","-0.1","0.0","0.9","418.3","19566"
"Charlie Blackmon","COL","136","588","529","152","29","5","23","86","75","46","110","7","5","4",".288",".350",".489",".840",".350","-4.3","-0.9","0.9","87.7","7859"
"Manny Pina","MIL","52","205","184","43","8","1","6","20","22","14","51","4","1","0",".236",".303",".386",".688",".294","2.1","-0.3","0.8","599.3","2829"
"Jackie Bradley Jr.","MIL","128","553","484","111","22","2","20","66","61","53","149","9","10","4",".229",".315",".407",".723",".308","3.0","0.6","0.8","407.0","12984"
"Bobby Dalbec","BOS","123","532","466","106","20","1","28","66","71","52","189","9","4","3",".227",".314",".455",".769",".323","3.2","-1.0","0.8","290.2","19966"
"Maikel Franco","BAL","113","490","446","113","23","1","20","54","68","37","76","2","1","0",".253",".309",".443",".752",".311","-2.4","-0.5","0.8","483.0","12179"
"Adam Duvall","MIA","123","532","480","108","23","2","27","64","76","39","144","7","2","1",".226",".291",".448",".739",".308","2.4","-0.3","0.8","368.4","10950"
"Chad Pinder","OAK","86","371","336","83","18","1","14","44","49","26","93","5","1","1",".248",".309",".435",".743",".313","-2.7","-0.7","0.8","571.0","15191"
"Donovan Solano","SFG","125","539","503","141","29","2","7","55","54","26","97","5","2","1",".281",".320",".384",".703",".302","-1.8","-0.6","0.8","547.6","8623"
"Orlando Arcia","MIL","113","490","447","112","20","2","13","50","54","35","97","3","7","3",".252",".308",".391",".699",".297","1.3","0.1","0.8","557.0","13185"
"Starlin Castro","WSN","120","518","483","133","24","2","17","60","67","28","94","2","3","2",".275",".315",".438",".753",".316","-2.8","-0.3","0.8","426.2","4579"
"Brett Gardner","NYY","65","280","243","58","10","2","9","37","32","31","62","3","5","2",".239",".330",".419",".750",".321","0.2","0.2","0.8","569.1","9927"
"Keston Hiura","MIL","139","602","540","135","27","2","28","78","85","42","175","14","11","5",".251",".320",".465",".785",".328","-1.2","-0.5","0.8","71.1","20003"
"Tony Kemp","OAK","92","399","352","90","17","3","6","46","34","36","57","5","10","4",".255",".330",".366",".696",".302","-1.8","-0.3","0.8","598.4","14894"
"Yuli Gurriel","HOU","146","630","581","154","33","2","21","76","83","35","75","7","3","2",".265",".311",".440",".751",".315","-1.0","-1.3","0.8","338.4","19198"
"Victor Caratini","SDP","62","247","218","54","11","1","6","26","31","23","53","4","1","1",".250",".328",".388",".717",".308","-0.3","-0.3","0.8","527.5","14968"
"Nicholas Castellanos","CIN","146","630","571","149","39","4","27","86","85","47","157","6","3","2",".262",".323",".487",".810",".337","-8.3","-0.9","0.8","82.6","11737"
"Evan Longoria","SFG","110","476","435","108","21","2","16","52","62","30","99","5","2","1",".247",".302",".413",".715",".301","0.7","-0.6","0.8","526.2","9368"
"Franchy Cordero","BOS","89","385","349","87","20","4","15","51","55","30","115","2","9","3",".248",".310",".456",".766",".321","0.2","0.7","0.7","468.1","14567"
"Jason Castro","HOU","63","250","218","44","11","0","7","26","25","27","87","2","1","0",".200",".294",".353",".646",".282","0.5","-0.7","0.7","562.7","8722"
"Yoshitomo Tsutsugo","TBR","75","322","279","66","13","1","14","40","43","39","85","1","0","0",".236",".331",".442",".774",".327","0.0","-0.2","0.7","554.0","27459"
"Freddy Galvis","BAL","128","553","506","121","23","2","14","57","60","36","119","5","5","3",".239",".294",".377",".672",".287","-0.5","-0.5","0.7","530.9","6609"
"Austin Hedges","CLE","50","198","179","37","7","0","8","20","24","14","60","2","2","1",".209",".273",".384",".657",".277","1.1","-0.2","0.7","599.7","12976"
"Mauricio Dubon","SFG","99","427","394","104","17","2","10","46","45","24","75","3","9","5",".264",".309",".391",".700",".299","1.2","-0.6","0.7","290.1","16530"
"Jordan Luplow","CLE","55","238","207","50","11","1","9","29","30","26","55","3","3","2",".242",".332",".434",".766",".326","2.0","-0.3","0.7","601.0","16424"
"Randal Grichuk","TOR","94","406","375","92","20","2","21","53","62","25","105","3","2","1",".245",".296",".477",".773",".320","-2.9","-0.2","0.7","268.4","10243"
"JaCoby Jones","DET","122","525","473","110","26","3","16","63","53","36","157","10","11","4",".231",".298",".402",".700",".297","-0.1","0.3","0.7","515.6","14818"
"Marwin Gonzalez","BOS","79","343","307","79","17","1","11","38","44","28","71","4","1","1",".258",".326",".422",".748",".318","0.5","-0.4","0.7","506.3","5497"
"Yasiel Puig","","62","266","239","61","12","1","11","33","38","22","57","2","7","3",".256",".323",".455",".778",".327","0.5","-0.3","0.7","463.8","14225"
"Tyler O'Neill","STL","133","574","519","119","21","1","28","72","81","45","178","5","8","3",".230",".295",".439",".734",".308","0.8","0.4","0.7","454.1","15711"
"Daulton Varsho","ARI","79","335","300","74","14","3","11","41","37","27","73","5","10","3",".248",".318",".422",".739",".314","-0.2","0.3","0.7","190.2","19918"
"Cedric Mullins II","BAL","89","385","349","85","16","4","9","44","38","26","76","3","13","4",".244",".299",".391",".690",".293","0.3","0.9","0.6","516.0","17929"
"Ryan McMahon","COL","136","588","524","131","26","3","24","70","79","55","178","4","5","2",".251",".324",".448",".773",".326","-1.4","0.1","0.6","238.6","15112"
"Dylan Moore","SEA","112","483","428","95","21","2","15","56","49","38","129","12","22","11",".222",".302",".386",".688",".295","-1.3","-0.3","0.6","126.3","18042"
"Victor Reyes","DET","84","364","342","94","16","3","7","44","33","16","73","2","11","4",".274",".308",".402",".710",".301","2.2","0.2","0.6","279.3","15487"
"Renato Nunez","DET","100","434","391","97","19","0","21","53","63","34","111","6","1","0",".247",".313",".457",".771",".324","0.5","-0.6","0.6","489.9","14503"
"Joey Votto","CIN","143","616","518","129","25","1","19","81","61","88","125","4","3","1",".249",".360",".411",".771",".333","-1.4","-2.7","0.6","375.9","4314"
"Nicky Lopez","KCR","130","560","506","128","23","3","6","57","46","43","81","4","8","6",".253",".315",".346",".661",".289","3.7","-1.6","0.6","599.5","19339"
"Matt Carpenter","STL","94","406","339","74","18","1","13","51","45","56","108","7","2","1",".219",".339",".396",".734",".317","-2.6","-0.9","0.6","584.1","8090"
"Rio Ruiz","BAL","76","329","296","71","14","1","11","37","42","29","73","1","2","1",".240",".307",".408",".715",".303","1.6","-0.6","0.6","566.0","14103"
"Omar Narvaez","MIL","71","282","245","59","10","0","9","29","30","32","63","3","0","0",".242",".334",".389",".723",".313","-3.5","-0.5","0.6","354.4","13338"
"Wilmer Flores","SFG","66","287","264","73","15","1","10","34","40","17","39","3","1","0",".277",".323",".458",".781",".327","-1.6","-0.6","0.6","455.4","5827"
"Austin Slater","SFG","60","259","225","57","11","2","7","31","28","27","69","4","7","2",".254",".344",".407",".751",".324","0.0","0.5","0.6","525.4","16153"
"Kevin Plawecki","BOS","49","192","171","44","10","1","4","20","23","15","36","4","1","1",".256",".327",".401",".728",".312","-0.5","-0.5","0.5","592.8","13807"
"Hanser Alberto","KCR","57","245","232","67","13","1","4","28","23","7","26","2","2","1",".289",".314",".403",".717",".304","0.5","-0.1","0.5","575.6","11902"
"Tyler Stephenson","CIN","50","198","176","42","8","1","6","22","23","17","49","3","1","0",".236",".312",".382",".694",".299","0.7","-0.1","0.5","490.8","17988"
"Tyler Flowers","","32","128","111","24","5","0","4","13","13","12","44","3","0","0",".211",".306",".356",".661",".288","0.2","-0.3","0.5","600.5","9134"
"Tim Locastro","ARI","71","308","271","69","15","2","5","39","27","19","59","15","13","2",".256",".337",".389",".727",".316","-1.4","1.4","0.5","545.8","15124"
"David Bote","CHC","75","322","281","66","13","1","11","37","43","33","89","4","4","2",".235",".322",".410",".731",".312","-0.4","0.2","0.5","555.4","14593"
"Kyle Higashioka","NYY","37","147","136","30","6","0","7","17","22","8","38","1","0","0",".222",".271",".419",".690",".288","-0.2","-0.1","0.5","553.2","5517"
"Nomar Mazara","DET","97","420","382","97","20","1","15","48","55","29","100","5","2","1",".255",".314",".435",".749",".316","-0.6","-0.6","0.5","538.0","14553"
"Garrett Cooper","MIA","65","280","251","65","13","0","9","33","35","23","68","3","0","0",".261",".330",".426",".756",".323","0.3","-0.5","0.5","533.1","15279"
"Eric Hosmer","SDP","147","637","578","150","26","1","23","76","96","51","143","3","6","2",".259",".321",".427",".748",".316","0.3","-0.9","0.5","156.9","3516"
"Andrew Knizner","STL","52","205","187","48","8","1","5","22","22","12","37","3","1","1",".256",".310",".391",".701",".299","1.1","-0.2","0.5","569.7","19514"
"Shogo Akiyama","CIN","96","413","367","97","17","2","10","49","40","39","77","3","8","4",".265",".340",".405",".745",".320","-1.0","-0.8","0.5","548.6","27461"
"Francisco Mejia","TBR","57","224","206","49","10","1","7","24","24","12","48","3","1","1",".237",".288",".394",".682",".288","0.0","-0.1","0.5","494.2","16403"
"Luis Torrens","SEA","75","294","267","66","14","1","6","29","29","22","59","2","1","1",".247",".306",".376",".682",".292","-0.5","-0.3","0.4","548.5","15905"
"Oscar Mercado","CLE","113","490","445","109","21","2","11","57","48","32","107","5","19","7",".244",".300",".378",".678",".291","0.5","0.7","0.4","428.4","16375"
"Yolmer Sanchez","BAL","86","371","332","82","16","3","5","39","33","30","75","4","5","3",".248",".315",".366",".681",".294","-0.5","-0.5","0.4","598.3","11602"
"Jarred Kelenic","SEA","107","462","420","100","19","3","18","55","59","34","125","3","11","6",".239",".300",".431",".731",".308","-2.9","-0.4","0.4","198.8","sa3007741"
"Cam Gallagher","KCR","37","147","133","33","7","0","3","15","13","11","27","1","1","0",".246",".307",".366",".673",".291","0.4","-0.2","0.4","598.5","12981"
"Jonah Heim","TEX","60","237","216","52","10","1","5","24","24","17","42","2","1","1",".240",".296",".359",".655",".282","2.5","-0.2","0.4","583.7","16930"
"Mike Brosseau","TBR","29","126","114","29","6","1","4","15","15","8","31","2","2","1",".254",".316",".428",".744",".315","0.5","-0.2","0.4","508.5","19683"
"Kurt Suzuki","LAA","70","275","247","63","12","0","9","31","40","18","40","6","1","0",".256",".319",".419",".738",".314","-4.4","-0.7","0.4","479.5","8259"
"Aledmys Diaz","HOU","49","210","193","49","11","1","8","25","27","13","33","2","1","1",".256",".307",".436",".743",".312","-1.0","-0.3","0.4","597.4","15937"
"Dom Nunez","COL","62","243","212","47","9","1","9","28","27","26","66","3","3","1",".220",".310",".392",".702",".300","1.0","-0.1","0.4","592.4","15055"
"Pedro Severino","BAL","66","262","236","57","9","1","8","27","31","21","57","2","2","0",".241",".307",".395",".702",".299","-1.3","-0.3","0.4","367.9","14523"
"Kevin Newman","PIT","100","434","398","107","20","2","6","45","37","26","57","4","9","4",".268",".317",".373",".691",".296","-2.2","-0.5","0.4","538.8","17696"
"Leody Taveras","TEX","118","511","461","113","20","4","10","60","41","42","125","2","21","7",".244",".307",".375",".682",".293","2.0","0.8","0.4","198.7","18900"
"D.J. Stewart","BAL","63","273","235","54","11","1","11","33","36","31","70","4","4","2",".232",".327",".427",".754",".321","-1.3","-0.2","0.4","575.2","17766"
"Brendan Rodgers","COL","99","427","393","103","22","2","14","49","52","24","93","6","5","2",".262",".311",".431",".743",".313","1.4","0.0","0.4","420.1","17907"
"Jonathan India","CIN","104","448","394","91","16","3","11","48","42","40","117","9","7","4",".231",".315",".374",".689",".297","0.8","-0.5","0.3","581.5","sa3008178"
"Josh Rojas","ARI","63","273","243","60","13","2","6","32","26","25","57","2","9","4",".247",".321",".394",".715",".306","0.7","0.0","0.3","539.8","19734"
"Brad Miller","PHI","63","273","236","53","11","2","12","33","40","32","81","2","2","1",".224",".320",".438",".757",".319","-0.8","-0.5","0.3","594.3","12775"
"Luis Campusano","SDP","28","109","98","25","5","0","3","13","14","8","18","1","0","0",".253",".314",".395",".709",".303","-0.2","-0.1","0.3","999.0","22217"
"Isaac Paredes","DET","31","133","120","31","6","0","3","14","14","10","22","1","1","0",".259",".321",".397",".717",".308","0.2","-0.1","0.3","584.8","20036"
"Jonathan Villar","NYM","68","294","263","63","10","1","8","35","28","26","79","2","17","5",".241",".310",".376",".686",".295","-0.7","1.3","0.3","202.0","10071"
"Pat Valaika","BAL","34","147","137","34","6","1","6","19","18","8","37","0","1","1",".250",".291",".440",".731",".306","-0.2","-0.4","0.3","563.1","14885"
"Isan Diaz","MIA","94","406","361","83","15","2","12","47","46","39","106","3","5","2",".229",".308",".379",".687",".296","-1.5","-0.6","0.3","596.3","17922"
"Curt Casali","SFG","42","168","147","34","6","0","5","16","18","16","42","2","1","0",".230",".314",".366",".680",".295","-0.7","-0.2","0.3","594.6","12510"
"Odubel Herrera","PHI","63","273","249","63","13","1","8","30","34","19","62","3","4","2",".253",".311",".419",".730",".309","-2.2","-0.2","0.3","550.5","11476"
"Michael A. Taylor","KCR","71","308","282","65","17","1","9","34","33","21","90","2","10","3",".230",".287",".394",".680",".287","0.8","0.5","0.3","557.2","11489"
"Jake Marisnick","CHC","65","280","256","61","13","2","10","36","33","17","82","4","7","3",".240",".296",".425",".721",".304","-0.1","0.4","0.3","600.7","11339"
"Shed Long","SEA","63","273","246","56","11","1","8","29","27","23","75","2","6","3",".229",".297",".377",".674",".289","-0.6","0.2","0.3","597.8","16542"
"Jake Rogers","DET","31","122","108","22","4","1","4","13","14","10","38","2","1","0",".203",".281",".369",".650",".279","1.5","-0.1","0.3","600.9","19452"
"Niko Goodrum","DET","100","434","390","88","20","3","12","48","47","38","133","2","11","4",".227",".297",".387",".684",".292","-1.6","1.1","0.3","515.2","12092"
"Avisail Garcia","MIL","83","357","324","85","16","1","11","41","43","24","86","6","4","2",".262",".322",".424",".746",".315","0.1","-0.5","0.3","360.7","5760"
"Michael Perez","PIT","40","160","144","33","7","0","4","16","17","13","40","1","1","1",".230",".296",".367",".662",".285","1.2","-0.4","0.3","600.9","12977"
"Chance Sisco","BAL","73","289","248","56","11","0","9","32","31","28","88","10","1","1",".227",".327",".384",".711",".310","-2.5","-0.5","0.3","555.0","15694"
"Luis Guillorme","NYM","52","224","196","50","9","1","3","23","19","23","41","2","3","1",".253",".334",".346",".681",".300","0.1","-0.1","0.3","599.8","16451"
"Daniel Vogelbach","MIL","28","119","100","23","4","0","6","15","17","18","30","1","0","0",".235",".352",".445",".797",".339","0.1","-0.2","0.3","597.7","14130"
"Mike Tauchman","NYY","21","91","80","20","4","1","2","12","11","10","21","1","2","1",".249",".332",".402",".734",".312","0.8","0.1","0.3","581.0","15274"
"Adley Rutschman","BAL","21","83","75","17","4","0","2","10","10","6","18","1","1","0",".229",".291",".373",".664",".284","0.6","0.1","0.2","510.8","sa3011643"
"Asdrubal Cabrera","ARI","70","301","270","68","15","2","10","34","41","27","60","2","1","0",".254",".322",".432",".754",".319","-1.8","-0.9","0.2","533.2","4962"
"Franklin Barreto","LAA","37","161","147","33","6","1","6","20","21","10","54","2","3","1",".223",".281",".409",".690",".291","0.0","0.2","0.2","600.8","15519"
"Jake Cave","MIN","50","217","197","49","10","2","7","27","27","15","67","4","2","1",".248",".309",".426",".735",".311","-1.0","-0.3","0.2","599.6","14477"
"Jarren Duran","BOS","53","231","213","57","10","3","3","25","20","13","52","2","11","4",".266",".315",".378",".692",".297","-0.4","0.3","0.2","565.8","sa3006786"
"Mitch Moreland","OAK","109","469","416","96","20","1","20","57","64","46","110","3","1","0",".231",".310",".431",".741",".311","0.2","-1.3","0.2","531.3","3086"
"Chad Wallach","MIA","66","262","236","49","10","0","6","24","24","20","77","3","1","0",".207",".276",".330",".606",".264","0.3","-0.2","0.2","600.3","17161"
"Cristian Pache","ATL","123","532","490","120","27","6","13","57","61","33","131","3","7","7",".246",".296",".404",".700",".296","0.3","-1.9","0.2","999.0","19948"
"Jedd Gyorko","","36","154","135","33","5","0","7","18","20","16","38","1","1","0",".242",".323",".438",".761",".322","0.4","-0.2","0.2","599.1","10816"
"Isiah Kiner-Falefa","TEX","144","623","566","146","25","5","8","66","50","41","103","9","15","6",".258",".316",".359",".675",".293","-4.0","0.3","0.2","305.6","16512"
"Austin Allen","OAK","16","64","59","14","3","0","2","7","8","4","17","1","0","0",".236",".290",".412",".702",".294","-0.2","-0.1","0.2","600.2","18083"
"Danny Mendick","CHW","19","84","75","18","3","0","2","9","8","8","18","1","2","1",".239",".314",".373",".687",".297","0.4","-0.1","0.2","601.0","18889"
"Ryan Braun","","52","224","205","52","11","1","9","27","33","14","47","3","3","1",".254",".310",".458",".767",".321","-0.2","-0.1","0.2","600.7","3410"
"Vimael Machin","OAK","26","112","99","24","5","0","2","12","9","11","19","1","1","0",".243",".324",".347",".671",".291","-0.2","-0.1","0.2","999.0","17684"
"Reese McGuire","TOR","28","109","98","22","4","0","3","11","11","7","23","1","1","0",".224",".282",".365",".646",".276","0.0","0.0","0.2","601.0","15674"
"Daniel Robertson","MIL","49","210","181","43","8","1","4","23","19","23","51","5","2","1",".237",".337",".353",".690",".305","0.1","-0.3","0.2","999.0","14145"
"Jo Adell","LAA","52","224","206","50","10","0","7","22","23","14","71","2","3","1",".242",".297",".399",".695",".296","1.2","-0.1","0.2","429.2","20220"
"Joey Bart","SFG","19","77","71","17","3","1","2","8","8","4","22","2","1","0",".242",".290",".398",".688",".292","-0.3","-0.1","0.2","521.3","21524"
"Tomas Nido","NYM","45","179","166","37","8","0","5","17","21","9","43","1","1","0",".222",".265",".362",".628",".265","-0.5","-0.2","0.2","600.5","13755"
"Chas McCormick","HOU","37","161","143","34","5","1","3","18","15","15","29","1","4","1",".241",".315",".360",".674",".293","0.2","0.1","0.2","600.3","sa3004174"
"Jake Bauers","CLE","68","294","255","59","14","1","9","35","34","34","77","2","6","3",".230",".324",".401",".724",".312","0.3","0.0","0.2","590.8","15194"
"Keibert Ruiz","LAD","13","51","47","12","2","0","1","6","6","3","6","1","0","0",".256",".308",".392",".701",".299","0.0","0.0","0.2","596.5","19610"
"Aramis Garcia","OAK","42","166","153","31","7","1","5","16","18","10","55","1","0","0",".205",".258",".350",".608",".260","0.2","-0.2","0.2","600.3","16925"
"Kevin Pillar","NYM","70","301","281","70","15","1","9","35","36","13","53","4","6","2",".248",".288",".405",".693",".292","0.3","0.5","0.1","520.0","12434"
"Rougned Odor","TEX","107","462","418","90","18","1","24","57","69","34","137","6","8","5",".215",".281",".434",".715",".298","-1.1","-0.4","0.1","527.7","12282"
"Josh Reddick","","65","280","254","66","11","1","7","32","30","22","46","1","2","1",".261",".319",".403",".722",".307","-0.5","-0.3","0.1","599.0","3892"
"Phillip Evans","PIT","63","273","245","62","12","1","7","30","29","22","49","4","2","2",".255",".324",".397",".720",".310","0.2","-0.6","0.1","600.7","12950"
"Jay Bruce","NYY","39","168","152","35","7","1","9","20","28","13","41","1","1","0",".231",".294",".468",".763",".316","0.0","-0.2","0.1","595.4","9892"
"Rylan Bannon","BAL","24","105","94","22","5","1","3","11","11","9","23","1","1","1",".234",".306",".382",".687",".295","-0.1","-0.1","0.1","600.8","sa3004162"
"Vidal Brujan","TBR","19","84","77","19","3","1","1","9","7","6","15","1","5","2",".247",".304",".357",".661",".285","0.4","0.0","0.1","999.0","sa872786"
"Zack Collins","CHW","29","119","100","20","4","0","4","14","14","17","41","1","0","0",".200",".316",".370",".686",".298","-0.4","0.0","0.1","598.6","19181"
"Willians Astudillo","MIN","6","26","24","7","1","0","1","3","3","1","2","0","0","0",".283",".314",".453",".767",".321","0.1","-0.1","0.1","592.6","15608"
"Austin Romine","CHC","50","198","185","45","9","0","5","19","24","10","54","1","1","0",".243",".282",".376",".658",".280","0.2","-0.3","0.1","591.1","5491"
"Johan Camargo","ATL","41","175","159","40","10","0","6","20","22","12","40","1","0","0",".251",".308",".421",".730",".308","0.1","-0.1","0.1","598.0","14950"
"Khris Davis","TEX","81","350","308","72","12","0","20","44","55","34","102","5","0","0",".234",".317",".471",".788",".329","0.0","-0.6","0.1","551.8","9112"
"Yusniel Diaz","BAL","50","217","194","47","9","2","6","25","24","20","48","1","2","3",".244",".317",".406",".723",".309","-0.9","-0.9","0.1","999.0","sa912848"
"Jarrod Dyson","KCR","58","252","225","52","7","1","3","31","18","22","45","2","15","3",".230",".303",".314",".616",".272","1.6","1.9","0.1","999.0","4866"
"Cole Tucker","PIT","68","294","266","62","13","2","5","31","25","22","67","2","6","2",".234",".296",".351",".647",".279","0.4","0.2","0.1","599.2","17326"
"Colton Welker","COL","16","70","64","18","4","0","2","8","9","5","14","0","0","0",".278",".329",".440",".769",".323","0.2","0.0","0.1","599.7","sa917962"
"Logan Morrison","","26","112","99","23","5","0","6","14","16","11","27","1","1","0",".230",".313",".459",".772",".324","0.0","-0.1","0.1","999.0","9205"
"Joe Panik","TOR","19","84","74","19","4","0","1","9","8","8","10","1","1","0",".253",".326",".366",".692",".300","-0.2","-0.1","0.1","599.8","11936"
"Andrew Knapp","PHI","36","141","119","27","6","1","3","14","14","19","41","1","0","0",".223",".333",".353",".686",".301","-1.6","-0.1","0.1","589.2","14942"
"Jonathan Lucroy","CHW","28","109","98","23","4","0","2","11","12","8","18","1","0","0",".237",".303",".359",".662",".285","-0.5","-0.2","0.1","600.8","7870"
"Andy Young","ARI","18","77","68","16","3","1","3","9","9","5","20","3","1","0",".232",".309",".414",".723",".309","-0.2","-0.1","0.1","999.0","19521"
"Scott Kingery","PHI","86","371","339","78","18","2","11","42","40","24","103","4","7","2",".229",".285",".390",".674",".286","0.4","0.5","0.1","399.9","17975"
"Steven Souza Jr.","TEX","13","56","48","11","2","0","2","6","8","6","18","1","1","0",".217",".313",".407",".720",".309","0.0","0.0","0.1","600.5","5667"
"Colin Moran","PIT","131","567","512","133","27","2","20","64","73","44","131","5","1","2",".261",".323",".434",".757",".319","-2.8","-1.9","0.1","526.5","16909"
"Abraham Toro","HOU","24","105","93","22","5","1","3","13","12","8","22","2","1","1",".237",".312",".402",".715",".306","0.1","-0.1","0.1","599.3","19844"
"Jorge Alfaro","MIA","81","320","295","68","11","1","9","30","37","15","110","8","3","1",".232",".286",".370",".656",".279","-2.0","-0.7","0.1","248.9","12180"
"Rene Rivera","","13","51","47","10","1","0","2","5","6","3","17","1","0","0",".209",".267",".369",".635",".270","0.6","-0.1","0.1","999.0","3648"
"Kevan Smith","TBR","13","51","46","12","2","0","1","5","6","3","10","1","0","0",".256",".314",".376",".689",".297","-0.5","-0.1","0.1","999.0","12284"
"Pavin Smith","ARI","21","91","81","21","4","1","2","10","9","8","15","0","1","0",".262",".331",".413",".744",".317","0.1","-0.1","0.1","595.8","19892"
"Ramon Urias","BAL","6","28","25","6","1","0","1","3","3","2","6","1","0","0",".254",".324",".417",".740",".316","0.0","0.0","0.1","599.5","18795"
"Matt Beaty","LAD","37","161","147","38","8","0","5","19","21","10","27","3","1","1",".259",".317",".416",".733",".311","-0.1","-0.1","0.1","601.0","17710"
"Brett Phillips","TBR","16","70","61","12","2","1","2","8","7","8","26","0","3","1",".190",".288",".350",".638",".276","0.8","0.2","0.1","600.9","14735"
"Leury Garcia","CHW","32","140","131","34","5","1","3","16","13","6","31","1","3","1",".261",".298",".378",".675",".289","0.1","0.1","0.1","595.2","5913"
"Miguel Andujar","NYY","13","56","52","14","3","0","2","7","8","3","10","0","0","0",".268",".306",".458",".764",".319","-0.4","0.0","0.1","567.9","15878"
"Jake Lamb","ATL","53","231","199","44","10","1","8","27","33","27","61","3","2","1",".220",".320",".406",".726",".310","-1.4","0.0","0.1","594.8","13329"
"Luis Rengifo","LAA","10","42","37","9","2","0","1","5","4","4","9","0","1","1",".235",".317",".361",".678",".295","0.0","-0.1","0.1","600.9","19858"
"Austin Dean","STL","23","98","89","23","5","0","3","11","12","7","20","1","1","1",".262",".320",".436",".755",".319","-0.4","-0.1","0.1","999.0","18288"
"Bobby Bradley","CLE","34","147","132","29","6","0","7","18","20","12","49","1","0","0",".222",".292",".446",".738",".308","0.7","-0.1","0.1","591.9","17278"
"Tyler Heineman","STL","8","32","29","7","1","0","1","3","3","2","5","0","0","0",".237",".302",".349",".651",".283","0.2","0.0","0.1","999.0","13897"
"Tony Wolters","PIT","28","109","95","21","4","1","1","10","8","10","23","2","0","0",".224",".308",".307",".615",".270","0.9","-0.2","0.1","600.8","11470"
"Brent Rooker","MIN","23","98","88","21","4","0","4","12","13","8","32","2","1","0",".234",".305",".437",".742",".313","-0.5","0.0","0.1","593.0","19627"
"Caleb Raleigh","SEA","6","26","23","5","1","0","1","3","3","2","7","0","0","0",".220",".279",".410",".690",".290","-0.1","0.0","0.1","999.0","sa3008377"
"Ben Gamel","CLE","28","119","105","26","6","1","2","14","11","12","31","1","1","1",".249",".327",".385",".712",".307","-0.2","-0.1","0.1","999.0","12160"
"Taylor Ward","LAA","15","63","55","13","3","0","2","8","7","6","17","1","1","0",".237",".322",".398",".720",".309","-0.2","0.0","0.1","599.5","17548"
"Nolan Jones","CLE","6","28","24","6","1","0","1","3","3","3","9","0","0","0",".235",".330",".416",".745",".319","0.1","0.0","0.1","582.5","sa917941"
"Adam Haseley","PHI","57","245","220","56","11","1","5","26","28","18","53","3","3","1",".253",".316",".385",".701",".300","-0.1","0.0","0.1","597.0","19878"
"Eric Sogard","CHC","28","119","105","26","5","0","2","13","9","11","19","1","1","0",".244",".320",".348",".668",".291","-0.1","0.0","0.1","600.8","7927"
"Tyler Wade","NYY","28","119","106","24","5","1","2","14","11","10","30","1","4","1",".228",".300",".345",".645",".280","-0.1","0.2","0.1","600.2","15730"
"Robel Garcia","HOU","8","35","31","7","1","0","2","4","5","3","13","0","0","0",".214",".288",".408",".696",".294","0.0","-0.1","0.1","999.0","13167"
"Michael Chavis","BOS","37","161","147","35","7","1","7","19","22","11","49","2","2","0",".236",".296",".435",".731",".307","-0.9","0.0","0.1","523.1","17321"
"Mike Ford","NYY","6","28","25","6","1","0","1","4","4","3","6","0","0","0",".240",".326",".453",".779",".328","0.0","0.0","0.1","599.0","15585"
"Bradley Zimmer","CLE","15","63","55","12","2","0","2","7","6","5","21","1","2","1",".214",".299",".360",".660",".286","0.1","0.2","0.1","600.1","16221"
"Rob Brantly","NYY","8","32","29","7","1","0","1","3","3","2","6","0","0","0",".233",".295",".362",".657",".281","0.0","0.0","0.1","999.0","10655"
"Garrett Stubbs","HOU","5","19","17","4","1","0","0","2","2","2","4","0","0","0",".227",".296",".342",".638",".277","0.1","0.0","0.0","999.0","18067"
"William Contreras","ATL","37","147","136","32","7","0","3","14","15","9","36","1","1","0",".234",".284",".361",".645",".276","-0.4","-0.1","0.0","597.2","20503"
"Ryan Zimmerman","WSN","37","161","145","37","8","0","7","19","25","13","34","1","1","0",".255",".318",".451",".769",".323","-0.5","0.0","0.0","600.2","4220"
"Greg Garcia","DET","10","42","36","8","1","0","0","4","4","5","9","1","0","0",".236",".334",".331",".665",".296","-0.1","0.0","0.0","999.0","10951"
"Dustin Garneau","DET","6","26","23","5","1","0","1","3","3","2","7","0","0","0",".208",".287",".367",".654",".281","0.1","-0.1","0.0","999.0","9433"
"Robinson Chirinos","NYY","8","32","28","6","1","0","1","3","4","3","10","1","0","0",".206",".301",".362",".663",".288","0.0","-0.1","0.0","999.0","3142"
"Zack Cozart","","10","42","37","9","2","0","1","5","4","3","7","1","0","0",".233",".306",".369",".674",".290","0.0","0.0","0.0","999.0","2616"
"Jed Lowrie","OAK","34","147","131","31","7","0","3","15","15","14","30","1","0","0",".234",".309",".359",".668",".290","-0.8","-0.3","0.0","600.5","4418"
"Miguel Cabrera","DET","143","616","550","144","20","1","22","64","81","57","132","4","2","0",".261",".331",".417",".749",".318","0.0","-3.0","0.0","538.7","1744"
"Anthony Bemboom","LAA","8","32","28","6","1","0","1","3","3","3","8","0","0","0",".202",".279",".330",".609",".264","0.2","-0.1","0.0","999.0","13854"
"Matt Duffy","CHC","10","42","38","10","2","0","1","4","4","3","7","1","1","0",".264",".332",".365",".697",".303","-0.2","-0.1","0.0","999.0","13836"
"Zachary Short","DET","6","28","24","5","1","0","1","3","3","3","8","0","0","0",".214",".311",".356",".667",".291","0.0","0.0","0.0","999.0","sa873287"
"Daniel Johnson Jr.","CLE","50","217","198","48","10","2","6","24","23","14","56","3","5","2",".241",".299",".400",".699",".296","0.6","-0.2","0.0","598.7","19643"
"Breyvic Valera","TOR","6","28","25","7","1","0","0","3","3","2","4","0","0","0",".260",".322",".376",".698",".301","-0.1","-0.1","0.0","999.0","12758"
"Alex Jackson","ATL","13","51","47","9","2","0","2","6","7","3","19","1","0","0",".204",".268",".399",".667",".280","-0.1","0.0","0.0","598.6","17276"
"Jace Peterson","MIL","10","42","36","8","2","0","1","4","4","5","10","0","1","0",".231",".329",".369",".698",".305","-0.2","0.0","0.0","999.0","12325"
"Santiago Espinal","TOR","6","28","26","6","1","0","0","3","3","2","5","0","1","0",".249",".297",".351",".648",".280","0.2","0.0","0.0","999.0","19997"
"Darin Ruf","SFG","37","161","144","35","7","0","5","18","20","14","41","2","1","0",".244",".318",".411",".729",".310","-0.6","-0.2","0.0","600.2","9929"
"Donnie Walton","SEA","6","28","25","6","1","0","0","3","2","2","5","0","0","0",".235",".305",".343",".648",".283","0.0","-0.1","0.0","999.0","19314"
"Jonathan Davis","TOR","10","42","37","8","2","0","1","5","4","3","11","1","1","0",".220",".303",".354",".657",".286","0.1","0.0","0.0","999.0","15104"
"Blaze Tom","OAK","45","196","175","40","8","2","5","22","21","16","52","2","3","2",".226",".297",".381",".677",".289","0.1","-0.2","0.0","999.0","sa875069"
"Sandy Leon","MIA","15","58","51","10","2","0","1","5","5","5","15","1","0","0",".194",".271",".309",".580",".255","0.2","-0.1","0.0","999.0","5273"
"Tim Beckham","CHW","8","35","32","8","2","0","1","4","5","2","10","0","0","0",".237",".294",".411",".705",".299","-0.4","-0.1","0.0","999.0","7949"
"Taylor Walls","TBR","3","14","13","3","1","0","0","1","1","1","3","0","1","0",".237",".300",".361",".662",".285","0.1","0.0","0.0","600.8","sa915802"
"Jeter Downs","BOS","6","28","25","6","1","0","1","3","3","2","6","0","1","0",".237",".303",".407",".710",".301","-0.1","0.0","0.0","568.3","sa3004615"
"Deivy Grullon","CIN","5","19","17","4","1","0","1","2","3","2","6","0","0","0",".229",".294",".412",".706",".299","-0.2","0.0","0.0","598.5","15988"
"Chad Tromp","SFG","3","13","12","3","0","0","0","1","1","1","3","0","0","0",".229",".285",".375",".659",".282","0.0","0.0","0.0","600.7","16953"
"Anderson Tejeda","TEX","15","63","58","14","3","1","2","6","7","4","20","0","2","1",".233",".281",".399",".680",".287","0.1","0.0","0.0","593.9","19909"
"Ender Inciarte","ATL","52","224","200","50","8","2","4","26","21","18","37","2","7","3",".251",".317",".362",".679",".294","0.8","0.3","0.0","597.8","4922"
"Wyatt Mathisen","ARI","13","56","49","11","2","0","2","7","7","5","16","2","0","0",".229",".321",".405",".725",".312","0.0","0.0","0.0","999.0","14555"
"Yermin Mercedes","CHW","2","6","6","1","0","0","0","1","1","0","1","0","0","0",".246",".306",".415",".721",".304","0.0","0.0","0.0","599.7","17423"
"Chris Herrmann","BOS","5","19","17","4","1","0","0","2","2","2","6","0","0","0",".208",".296",".346",".642",".280","0.0","0.0","0.0","999.0","9284"
"Sean Rodriguez","","6","28","24","5","1","0","1","3","3","3","10","0","0","0",".213",".304",".358",".662",".287","0.1","-0.1","0.0","999.0","6589"
"John Nogowski","STL","11","49","43","11","2","0","1","6","5","5","7","1","0","0",".257",".339",".384",".723",".314","0.1","-0.1","0.0","999.0","16852"
"Owen Miller","CLE","3","14","13","3","1","0","0","1","1","1","2","0","0","0",".260",".313",".373",".686",".295","0.0","0.0","0.0","601.0","sa3006673"
"Edwin Rios","LAD","37","161","147","33","7","0","8","19","25","10","58","2","0","0",".226",".283",".447",".730",".303","-0.6","-0.2","0.0","482.0","18316"
"Nicholas Gordon","MIN","3","14","13","3","1","0","0","1","1","1","3","0","0","0",".250",".297",".366",".663",".284","0.0","0.0","0.0","999.0","sa828662"
"Billy McKinney","MIL","5","21","19","4","1","0","1","3","2","2","5","0","0","0",".234",".303",".434",".737",".310","0.1","0.0","0.0","999.0","15654"
"Jasrado Chisholm","MIA","60","259","232","48","7","3","9","28","29","21","83","3","7","3",".205",".278",".376",".654",".280","-0.5","-0.1","0.0","999.0","20454"
"Austin Wynns","BAL","3","13","12","3","0","0","0","1","1","1","3","0","0","0",".233",".292",".341",".634",".275","0.0","0.0","0.0","999.0","15271"
"Yairo Munoz","BOS","11","49","46","12","3","0","1","6","6","3","11","0","1","0",".268",".311",".427",".738",".310","-0.3","0.0","0.0","600.5","16313"
"Patrick Higgins","CHC","5","19","17","4","1","0","0","2","2","2","4","0","0","0",".230",".297",".328",".625",".274","0.0","0.0","0.0","999.0","sa875573"
"Ryan McKenna","BAL","3","14","12","3","1","0","0","2","1","1","3","0","0","0",".235",".306",".365",".671",".290","0.0","0.0","0.0","999.0","sa875055"
"Tres Barrera","WSN","2","6","6","1","0","0","0","1","1","0","1","0","0","0",".232",".293",".366",".659",".283","0.0","0.0","0.0","999.0","19977"
"Patrick Mazeika","NYM","3","13","12","3","0","0","0","1","1","1","3","0","0","0",".219",".288",".353",".641",".277","-0.1","0.0","0.0","999.0","sa827167"
"Connor Wong","BOS","3","13","12","3","1","0","0","1","1","1","4","0","0","0",".223",".279",".386",".664",".282","-0.1","0.0","0.0","999.0","sa873978"
"Matt Thaiss","LAA","8","35","31","7","1","0","1","4","4","3","9","0","0","0",".228",".305",".383",".688",".296","-0.1","0.0","0.0","999.0","19318"
"Cesar Puello","BOS","2","7","6","2","0","0","0","1","1","1","2","0","0","0",".250",".334",".381",".714",".310","0.0","0.0","0.0","999.0","7216"
"Sheldon Neuse","LAD","6","28","26","6","1","0","1","3","3","2","9","0","0","0",".242",".294",".383",".676",".288","0.1","0.0","0.0","600.9","19635"
"Derek Fisher","MIL","11","49","42","10","2","0","2","6","6","6","16","0","1","1",".224",".317",".428",".746",".317","0.0","0.0","0.0","600.7","16192"
"Tyler Naquin","CIN","3","14","13","3","1","0","0","2","2","1","4","0","0","0",".255",".296",".430",".726",".304","0.1","0.0","0.0","600.4","13359"
"Trevor Larnach","MIN","5","21","19","5","1","0","1","2","2","2","5","0","0","0",".253",".314",".403",".717",".305","-0.1","0.0","0.0","595.6","sa3008376"
"Alexander De Goti","HOU","2","7","6","1","0","0","0","1","1","0","2","0","0","0",".233",".291",".357",".648",".279","0.0","0.0","0.0","999.0","sa919320"
"Kelvin Gutierrez","KCR","6","28","25","6","1","0","0","3","3","2","7","0","1","0",".233",".294",".344",".638",".277","0.1","0.0","0.0","999.0","17468"
"Tyrone Taylor","MIL","5","21","19","5","1","0","1","2","2","1","5","0","0","0",".233",".285",".407",".692",".292","0.0","0.0","0.0","600.6","13675"
"Tyler White","TOR","2","7","6","1","0","0","0","1","1","1","2","0","0","0",".241",".323",".408",".731",".313","0.0","0.0","0.0","999.0","15564"
"Bryan Holaday","ARI","3","13","12","3","1","0","0","1","1","1","2","0","0","0",".228",".292",".350",".641",".275","0.1","0.0","0.0","999.0","11287"
"Jose Peraza","NYM","3","14","13","3","1","0","0","1","1","1","2","0","0","0",".252",".297",".361",".658",".282","0.0","0.0","0.0","999.0","13593"
"Yu-Cheng Chang","CLE","10","42","38","8","2","0","1","5","4","3","12","0","0","0",".217",".288",".360",".648",".278","0.1","0.0","0.0","600.6","14773"
"Kevin Smith","TOR","2","7","6","1","0","0","0","1","1","0","2","0","0","0",".215",".261",".381",".643",".271","0.0","0.0","0.0","999.0","sa915864"
"Mark Mathias","MIL","2","7","6","1","0","0","0","1","1","1","2","0","0","0",".235",".303",".368",".671",".289","0.0","0.0","0.0","999.0","18032"
"Mallex Smith","NYM","2","7","6","1","0","0","0","1","1","1","2","0","0","0",".238",".307",".344",".651",".284","-0.1","0.0","0.0","599.4","13608"
"Nick Williams","CHW","2","7","6","2","0","0","0","1","1","0","2","0","0","0",".242",".301",".433",".734",".309","-0.1","0.0","0.0","999.0","14330"
"Travis Blankenhorn","MIN","5","21","19","5","1","0","1","2","2","1","5","0","0","0",".237",".283",".392",".675",".285","-0.1","0.0","0.0","598.5","18395"
"Matt Reynolds","CHW","2","7","6","1","0","0","0","1","1","1","2","0","0","0",".222",".305",".349",".654",".285","0.0","0.0","0.0","999.0","13788"
"Mark Payton","CIN","3","14","13","3","1","0","0","2","2","1","3","0","0","0",".242",".307",".411",".718",".305","0.0","0.0","0.0","999.0","16042"
"Josh VanMeter","ARI","34","147","130","31","8","1","4","17","17","14","34","1","3","1",".236",".314",".405",".720",".307","-0.3","0.0","0.0","600.4","15170"
"LaMonte Wade Jr.","SFG","8","35","30","7","1","0","1","4","3","4","6","0","1","0",".238",".333",".347",".679",".299","-0.1","0.0","0.0","999.0","18126"
"Seby Zavala","CHW","2","6","6","1","0","0","0","1","1","0","2","0","0","0",".203",".261",".359",".621",".265","0.0","0.0","0.0","999.0","18887"
"Hernan Perez","WSN","3","14","13","3","1","0","0","1","2","1","3","0","0","0",".247",".288",".398",".686",".290","0.0","0.0","0.0","999.0","5751"
"Max Moroff","STL","5","21","18","4","1","0","1","2","2","3","6","0","0","0",".203",".310",".338",".649",".286","-0.1","0.0","0.0","999.0","14556"
"Ernie Clement","CLE","2","7","6","2","0","0","0","1","1","0","1","0","0","0",".249",".294",".328",".622",".270","0.0","0.0","0.0","999.0","sa915732"
"Yonathan Daza","COL","49","210","196","57","11","2","3","23","20","10","35","1","5","3",".292",".329",".413",".743",".316","0.1","-0.4","0.0","999.0","15794"
"Welington Castillo","WSN","11","45","41","10","2","0","2","4","6","3","13","0","0","0",".236",".286",".407",".693",".293","-0.2","-0.1","0.0","999.0","3256"
"Tyler Nevin","BAL","2","7","6","2","0","0","0","1","1","1","1","0","0","0",".241",".311",".388",".699",".300","0.0","0.0","0.0","999.0","sa874752"
"Billy Hamilton","CHW","3","14","13","3","0","0","0","2","1","1","3","0","1","0",".221",".284",".303",".587",".258","0.1","0.1","0.0","600.2","10199"
"Taylor Jones","HOU","2","7","6","1","0","0","0","1","1","1","2","0","0","0",".226",".302",".386",".689",".295","0.0","0.0","0.0","999.0","19533"
"Jose Martinez","NYM","2","7","6","2","0","0","0","1","1","1","2","0","0","0",".249",".318",".398",".717",".307","0.0","0.0","0.0","600.5","7996"
"DJ Peters","LAD","2","7","6","1","0","0","0","1","1","1","3","0","0","0",".200",".281",".372",".653",".281","0.0","0.0","0.0","999.0","sa829712"
"Kramer Robertson","STL","2","7","6","1","0","0","0","1","1","1","1","0","0","0",".221",".305",".317",".622",".276","0.0","0.0","0.0","999.0","sa857820"
"Skye Bolt","OAK","2","7","6","1","0","0","0","1","1","1","2","0","0","0",".203",".271",".343",".615",".265","0.0","0.0","0.0","999.0","17723"
"Pablo Reyes","MIL","2","7","6","2","0","0","0","1","1","1","2","0","0","0",".237",".298",".391",".689",".294","0.0","0.0","0.0","999.0","16357"
"Phillip Ervin","ATL","2","7","6","1","0","0","0","1","1","1","2","0","0","0",".234",".317",".379",".696",".301","0.0","0.0","0.0","999.0","14738"
"Max Schrock","CIN","2","7","6","2","0","0","0","1","1","0","1","0","0","0",".246",".303",".353",".657",".284","0.0","0.0","0.0","999.0","17750"
"Brian O'Grady","SDP","5","21","19","4","1","0","1","2","3","2","7","0","1","0",".214",".290",".398",".688",".291","0.1","0.0","0.0","999.0","16729"
"Jaylin Davis","SFG","3","14","13","3","1","0","0","2","2","1","4","0","0","0",".233",".294",".396",".691",".294","0.0","0.0","0.0","999.0","19552"
"Andrew Waters","ATL","8","35","32","8","2","0","1","4","4","2","11","0","1","0",".245",".294",".394",".688",".291","0.4","0.0","0.0","593.4","sa3004378"
"Brandon Drury","NYM","2","7","6","1","0","0","0","1","1","0","2","0","0","0",".217",".276",".362",".638",".272","0.0","0.0","0.0","999.0","11615"
"Matt Joyce","PHI","26","112","96","22","4","0","4","14","13","15","28","0","0","0",".233",".336",".388",".725",".315","-0.6","-0.1","0.0","600.1","3353"
"Jesus Sanchez","MIA","2","7","6","1","0","0","0","1","1","0","2","0","0","0",".232",".291",".372",".662",".283","0.0","0.0","0.0","600.6","19913"
"Zach Reks","LAD","2","7","6","1","0","0","0","1","1","1","2","0","0","0",".232",".304",".386",".690",".296","0.0","0.0","0.0","999.0","sa3004166"
"Greg Bird","COL","23","98","85","20","5","0","5","12","14","11","25","1","0","0",".237",".330",".462",".791",".333","0.1","-0.1","0.0","600.3","14131"
"Marcus Wilson","BOS","2","7","6","1","0","0","0","1","1","1","2","0","0","0",".217",".286",".372",".657",".282","0.0","0.0","0.0","999.0","sa828703"
"Lucius Fox","KCR","8","35","31","7","1","0","0","4","3","3","8","0","2","1",".229",".301",".330",".631",".276","-0.1","0.0","0.0","999.0","sa914200"
"Brock Holt","TEX","32","140","123","30","6","0","2","14","12","14","31","2","2","1",".243",".326",".345",".671",".294","-0.1","-0.3","0.0","600.4","9345"
"Thairo Estrada","NYY","15","63","59","14","2","0","1","7","6","3","15","1","1","0",".234",".279",".358",".637",".273","0.0","0.0","0.0","999.0","16426"
"Kyle Holder","CIN","3","14","13","3","1","0","0","1","1","1","3","0","0","0",".237",".290",".349",".638",".275","0.0","0.0","0.0","599.9","sa857840"
"Lucas Raley","LAD","3","14","13","3","0","0","0","2","2","1","4","0","0","0",".229",".287",".388",".676",".287","0.0","0.0","0.0","999.0","sa918048"
"Andy Ibanez","TEX","8","35","32","8","1","0","1","4","4","3","7","0","0","0",".242",".303",".369",".672",".289","0.0","0.0","0.0","999.0","sa914201"
"Jonathan Arauz","BOS","3","14","13","3","1","0","0","1","1","1","3","0","0","0",".235",".293",".365",".659",".283","-0.1","0.0","0.0","599.6","20275"
"Khalil Lee","NYM","2","7","6","1","0","0","0","1","1","1","2","0","0","0",".211",".296",".337",".634",".278","0.0","0.0","0.0","601.0","sa917996"
"Aristides Aquino","CIN","32","140","127","29","5","1","8","17","22","10","42","2","2","1",".228",".292",".461",".754",".313","-0.1","0.0","0.0","587.8","15482"
"Luis Gonzalez","CHW","3","14","13","3","1","0","0","1","1","1","3","0","0","0",".228",".290",".359",".649",".279","0.1","0.0","0.0","999.0","20332"
"Guillermo Heredia","ATL","2","7","6","1","0","0","0","1","1","1","1","0","0","0",".239",".312",".367",".679",".295","0.0","0.0","0.0","999.0","18721"
"Grayson Greiner","DET","49","192","173","35","7","1","6","19","21","15","58","2","1","0",".204",".273",".349",".622",".268","0.2","0.0","0.0","599.1","17062"
"Travis Jankowski","PHI","2","7","6","1","0","0","0","1","0","1","2","0","0","0",".228",".307",".302",".609",".272","0.0","0.0","0.0","999.0","13768"
"Yadiel Hernandez","WSN","11","49","44","11","2","0","2","6","6","4","13","0","0","0",".249",".316",".417",".733",".310","-0.2","-0.1","0.0","999.0","19334"
"Blake Rutherford","CHW","2","7","6","1","0","0","0","1","1","0","2","0","0","0",".232",".282",".353",".634",".271","0.0","0.0","0.0","999.0","sa917932"
"Connor Joe","COL","5","21","18","5","1","0","1","2","2","2","5","0","0","0",".248",".339",".412",".751",".323","0.0","0.0","0.0","999.0","16572"
"Jason Martin","TEX","5","21","19","5","1","0","1","2","2","2","5","0","0","0",".237",".296",".388",".684",".291","0.0","0.0","0.0","999.0","16429"
"Meibrys Viloria","KCR","13","51","46","10","2","0","1","4","4","4","13","1","0","0",".226",".289",".327",".616",".269","0.1","-0.1","0.0","999.0","17109"
"Estevan Florial","NYY","2","7","6","1","0","0","0","1","1","0","2","0","0","0",".209",".267",".340",".607",".260","0.0","0.0","0.0","999.0","19151"
"Cameron Maybin","CHC","19","84","74","18","4","0","2","9","8","8","21","1","2","1",".242",".321",".369",".690",".300","-0.1","0.0","0.0","999.0","5223"
"Will Craig","PIT","2","7","6","1","0","0","0","1","1","1","2","0","0","0",".220",".290",".374",".664",".284","0.0","0.0","0.0","999.0","19267"
"Caleb Joseph","NYM","3","13","12","2","0","0","0","1","1","1","4","0","0","0",".203",".250",".329",".579",".248","0.0","0.0","0.0","999.0","7087"
"Jose Trevino","TEX","91","360","337","79","18","0","7","36","35","15","68","2","2","1",".233",".267",".354",".621",".264","2.7","-0.5","0.0","542.6","16725"
"Derek Hill","DET","2","7","6","1","0","0","0","1","1","0","2","0","0","0",".212",".269",".324",".593",".257","0.0","0.0","0.0","999.0","16947"
"Christin Stewart","DET","6","28","25","6","1","0","1","3","3","3","7","0","0","0",".228",".307",".414",".721",".305","0.0","0.0","0.0","600.9","17714"
"Jorge Ona","SDP","2","7","6","1","0","0","0","1","1","1","2","0","0","0",".217",".286",".355",".642",".276","0.0","0.0","0.0","999.0","20040"
"Omar Estevez","LAD","6","28","26","6","1","0","1","3","3","2","7","0","0","0",".228",".279",".353",".632",".271","0.0","0.0","0.0","999.0","sa914242"
"Jake Fraley","SEA","23","98","89","21","5","1","3","11","10","6","27","1","3","2",".230",".289",".392",".681",".288","0.0","-0.1","0.0","600.3","19260"
"Gavin Sheets","CHW","3","14","13","3","0","0","0","2","2","1","3","0","0","0",".234",".299",".368",".667",".288","0.0","0.0","0.0","999.0","sa829797"
"Connor Chatham","PHI","3","14","13","3","1","0","0","1","1","1","3","0","0","0",".247",".280",".339",".619",".265","0.0","0.0","0.0","999.0","sa873984"
"Gregory Deichmann","OAK","3","14","13","3","1","0","0","1","1","1","4","0","0","0",".202",".268",".347",".615",".265","0.1","0.0","0.0","999.0","sa3004977"
"Jordy Mercer","WSN","5","21","19","5","1","0","0","2","2","1","4","0","0","0",".239",".299",".362",".662",".283","-0.2","0.0","0.0","999.0","6547"
"Danny Santana","BOS","15","63","58","14","4","1","2","8","8","4","19","1","2","1",".241",".288",".436",".724",".302","0.0","0.1","0.0","592.3","10322"
"Delino DeShields","TEX","18","77","67","16","3","0","1","9","5","8","20","0","3","1",".231",".311",".327",".638",".281","0.2","0.3","0.0","600.4","11379"
"Adam Engel","CHW","50","217","199","45","9","2","5","23","22","12","61","4","5","2",".229",".285",".370",".655",".281","1.2","0.2","0.0","598.3","15082"
"Stephen Vogt","ARI","47","187","169","38","11","1","6","18","23","15","43","1","1","0",".225",".289",".396",".686",".291","-2.5","-0.4","0.0","597.6","5000"
"Ronald Guzman","TEX","91","392","349","82","16","1","14","45","46","35","110","5","3","1",".237",".312",".414",".726",".309","2.1","-0.4","0.0","583.5","14388"
"John Hicks","TEX","5","19","18","4","1","0","1","2","2","1","6","0","0","0",".222",".265",".371",".636",".270","0.0","0.0","0.0","999.0","12547"
"Luke Maile","MIL","6","26","23","5","1","0","0","2","2","2","7","0","0","0",".196",".259",".303",".562",".246","0.1","0.0","0.0","999.0","13355"
"Alex Blandino","CIN","13","56","48","10","2","0","1","6","5","6","17","1","0","0",".207",".318",".327",".646",".288","-0.5","-0.1","0.0","999.0","16271"
"Jacob Nottingham","MIL","36","142","127","25","5","0","5","15","17","11","49","3","2","1",".200",".275",".361",".636",".273","-0.6","0.0","0.0","600.0","16448"
"Ryan McBroom","KCR","15","63","57","14","3","0","2","7","7","4","18","1","0","0",".241",".301",".406",".707",".299","0.1","-0.1","0.0","599.9","16524"
"Todd Frazier","PIT","65","280","247","57","11","1","9","30","32","25","62","5","2","1",".230",".313",".399",".711",".305","0.2","-0.7","0.0","596.1","785"
"Willie Calhoun","TEX","112","483","440","113","21","2","19","56","65","35","78","4","2","1",".257",".316",".445",".761",".320","-1.8","-0.7","0.0","437.3","17838"
"Jake Noll","WSN","3","14","13","3","1","0","0","1","1","1","3","0","0","0",".248",".288",".369",".657",".280","0.0","0.0","0.0","999.0","19703"
"Jose  Garcia","CIN","5","21","20","5","1","0","0","2","2","1","5","0","0","0",".231",".274",".340",".613",".264","0.0","0.0","0.0","594.9","23378"
"Jose Briceno","COL","10","38","36","8","1","0","1","4","4","2","10","0","1","0",".225",".269",".378",".647",".274","0.1","0.0","0.0","999.0","13151"
"Raimel Tapia","COL","130","560","517","148","30","7","9","68","54","33","116","3","16","5",".285",".330",".423",".753",".320","-0.5","1.1","0.0","235.3","14350"
"Nick Heath","KCR","5","21","19","4","1","0","0","2","2","2","7","0","2","1",".208",".282",".298",".581",".257","0.1","0.0","0.0","999.0","19577"
"Rafael Ortega","CHC","8","35","31","8","2","0","1","4","3","3","7","0","1","0",".241",".310",".377",".687",".295","-0.1","0.0","0.0","999.0","10323"
"Monte Harrison","MIA","5","21","19","4","1","0","1","2","2","2","8","0","1","0",".207",".273",".341",".614",".266","0.0","0.1","0.0","599.2","17216"
"Phil Gosselin","LAA","13","56","50","12","2","0","1","6","5","5","13","0","0","0",".237",".302",".350",".651",".281","-0.1","-0.1","0.0","999.0","10953"
"Ryan O'Hearn","KCR","19","84","74","16","4","0","3","9","11","9","23","1","0","0",".224",".310",".405",".716",".304","-0.1","-0.1","0.0","600.8","16442"
"Ehire Adrianza","ATL","10","42","37","9","2","0","1","5","4","3","9","0","0","0",".242",".311",".361",".671",".290","-0.3","0.0","0.0","600.3","8418"
"Bubba Starling","KCR","3","14","13","3","1","0","0","1","1","1","4","0","0","0",".218",".267",".331",".599",".258","-0.1","0.0","0.0","999.0","13356"
"Harold Castro","DET","19","84","79","21","3","1","1","8","7","3","18","0","1","1",".266",".295",".356",".650",".279","-0.1","-0.1","0.0","599.3","14691"
"Kyle Garlick","MIN","6","28","26","6","1","0","1","3","4","2","10","0","0","0",".218",".272",".399",".671",".282","-0.1","0.0","0.0","999.0","18063"
"Jose Marmolejos","SEA","19","84","77","19","4","0","3","9","10","6","21","0","0","0",".241",".295",".396",".691",".293","0.1","-0.1","0.0","596.1","15767"
"Brian Goodwin","PIT","47","203","181","42","11","1","6","23","22","18","60","2","4","1",".231",".305",".409",".714",".302","-0.8","0.0","0.0","598.8","12858"
"Braden Bishop","SEA","15","63","57","12","3","0","1","6","5","5","16","1","1","0",".218",".285",".324",".609",".266","0.3","0.0","0.0","999.0","17806"
"Pablo Sandoval","ATL","5","21","19","5","1","0","1","2","3","1","5","0","0","0",".242",".298",".412",".710",".299","0.0","0.0","0.0","599.5","5409"
"Micker Adolfo","CHW","3","14","12","2","1","0","0","1","1","1","5","0","0","0",".200",".277",".346",".623",".270","-0.1","-0.1","0.0","999.0","sa830303"
"Lane Thomas","STL","39","168","151","34","7","1","5","18","18","13","47","2","4","2",".225",".293",".383",".675",".289","0.3","-0.4","0.0","594.1","16939"
"Jason Kipnis","ATL","15","63","56","13","3","0","2","7","8","6","13","1","1","0",".237",".311",".395",".706",".302","-0.1","0.0","0.0","600.8","9776"
"Jason Vosler","SFG","11","49","44","10","2","0","1","5","5","4","14","1","0","0",".219",".289",".369",".658",".282","0.0","0.0","0.0","999.0","sa829190"
"Beau Taylor","CLE","16","64","56","11","2","0","1","6","5","7","20","1","0","0",".193",".288",".296",".584",".260","-0.3","-0.1","0.0","999.0","12384"
"Luis Barrera","OAK","11","49","46","11","2","1","1","5","4","3","11","0","1","1",".238",".282",".354",".637",".272","0.1","-0.1","-0.1","999.0","sa736690"
"Sam Haggerty","SEA","19","84","74","16","4","1","1","9","6","8","26","1","4","1",".214",".300",".323",".623",".274","-0.6","0.2","-0.1","600.9","18054"
"Jose Siri","HOU","10","42","39","8","1","0","1","4","4","3","15","0","2","1",".203",".256",".334",".590",".253","0.1","0.0","-0.1","999.0","sa736940"
"Dustin Fowler","PIT","78","336","313","79","15","3","10","37","38","17","83","2","7","3",".253",".295",".419",".714",".300","-0.8","-0.1","-0.1","600.1","17098"
"Joshua Palacios","TOR","11","49","44","10","2","0","1","5","5","4","13","0","1","1",".225",".294",".342",".636",".276","0.1","-0.1","-0.1","999.0","sa829562"
"Neil Walker","","13","56","50","11","2","0","1","6","6","5","13","1","0","0",".232",".311",".363",".674",".292","-0.6","-0.1","-0.1","999.0","7539"
"Edwin Encarnacion","","40","175","153","33","5","0","9","22","27","18","46","3","0","0",".213",".305",".437",".742",".314","0.0","-0.5","-0.1","591.4","2151"
"Jon Jay","LAA","8","35","32","8","1","0","0","4","3","2","7","1","0","0",".248",".304",".328",".632",".277","-0.1","0.0","-0.1","999.0","5227"
"Stuart Fairchild","ARI","10","42","38","9","2","0","1","4","4","3","11","1","1","0",".226",".295",".350",".645",".279","-0.1","-0.1","-0.1","999.0","sa829822"
"Matt Kemp","","36","154","140","35","6","0","6","17","23","11","41","1","1","0",".252",".308",".434",".742",".311","0.0","-0.2","-0.1","999.0","5631"
"Edmundo Sosa","STL","21","91","85","21","4","0","2","9","9","3","19","2","1","0",".243",".284",".364",".648",".276","0.1","-0.1","-0.1","999.0","17022"
"Richie Martin Jr.","BAL","23","98","89","20","4","1","2","10","8","6","23","1","3","1",".220",".277",".335",".611",".264","-0.2","0.0","-0.1","601.0","17736"
"Harold Ramirez","CLE","16","70","65","17","3","0","2","8","7","3","15","1","1","0",".258",".303",".388",".691",".294","-0.4","0.0","-0.1","999.0","14387"
"Steven Duggar","SFG","19","84","76","18","4","1","1","9","8","7","25","1","2","1",".232",".297",".352",".648",".280","-0.3","-0.1","-0.1","999.0","17719"
"Keon Broxton","MIN","10","42","37","7","1","0","1","5","4","4","18","0","2","1",".188",".266",".331",".596",".259","0.0","0.0","-0.1","999.0","9253"
"Dexter Fowler","LAA","102","441","382","85","16","1","14","52","53","49","119","5","6","3",".223",".317",".380",".697",".302","-4.0","-0.1","-0.1","586.7","4062"
"Ildemaro Vargas","CHC","24","105","98","26","5","1","2","11","10","5","12","1","1","0",".266",".303",".387",".690",".294","0.0","-0.1","-0.1","999.0","13324"
"Matt Wieters","","24","96","86","18","3","0","3","9","11","8","23","1","1","0",".214",".284",".346",".629",".272","0.1","-0.2","-0.1","999.0","4298"
"Logan Forsythe","","23","98","85","18","4","0","2","10","8","11","26","1","1","0",".214",".308",".321",".630",".279","-0.3","0.0","-0.1","999.0","7185"
"Evan White","SEA","141","609","553","123","21","2","24","66","76","46","191","5","4","3",".223",".287",".399",".686",".291","2.7","-0.5","-0.1","494.0","20078"
"Mike Freeman","CIN","24","105","94","22","4","0","2","11","9","9","28","1","1","1",".230",".300",".328",".627",".274","0.2","-0.1","-0.1","999.0","11241"
"Scott Heineman","CIN","18","77","70","17","3","0","2","9","8","5","20","1","2","1",".236",".297",".385",".682",".292","0.0","0.0","-0.1","999.0","14453"
"Justin Williams","STL","37","161","147","36","6","0","5","17","18","11","40","1","2","1",".244",".301",".393",".694",".296","0.1","-0.1","-0.1","999.0","15490"
"Edward Olivares","KCR","39","168","156","38","7","1","4","18","17","9","36","2","5","3",".247",".292",".382",".673",".287","-0.1","-0.2","-0.1","574.0","19698"
"Ronnie Dawson","HOU","8","35","32","6","1","0","1","4","3","3","12","1","1","1",".201",".272",".342",".615",".265","-0.2","-0.1","-0.1","999.0","sa873674"
"Jeff Mathis","PHI","8","32","29","5","1","0","1","3","3","2","12","0","0","0",".180",".234",".298",".532",".229","-0.1","0.0","-0.1","999.0","3448"
"Zach McKinstry","LAD","26","112","102","24","5","1","3","12","12","8","28","1","1","1",".234",".296",".373",".669",".287","-0.1","-0.3","-0.1","600.2","19392"
"Luis Garcia","WSN","73","315","298","79","14","2","6","33","32","12","58","1","5","2",".266",".295",".378",".673",".287","-0.4","-0.4","-0.1","589.0","20391"
"Drew Butera","TEX","10","38","34","7","2","0","1","4","3","3","11","0","0","0",".197",".269",".310",".579",".252","-0.1","0.0","-0.1","999.0","3411"
"Heliot Ramos","SFG","36","154","140","32","6","1","4","16","16","11","47","2","2","3",".232",".294",".381",".675",".288","-1.1","-0.8","-0.1","999.0","sa3004693"
"Daz Cameron","DET","16","70","63","14","3","1","1","7","7","5","20","1","2","1",".220",".290",".357",".648",".280","-0.2","0.0","-0.1","600.7","18353"
"Albert Almora Jr.","NYM","39","168","155","37","7","1","4","18","17","10","32","1","1","1",".241",".289",".373",".662",".281","-0.4","-0.1","-0.1","600.6","14109"
"Matt Adams","","13","56","51","11","2","0","3","6","10","4","18","0","0","0",".220",".277",".425",".702",".293","0.0","-0.1","-0.1","999.0","9393"
"Juan Lagares","LAA","24","105","96","22","4","1","1","12","9","7","25","1","2","1",".234",".290",".337",".627",".269","0.7","0.0","-0.1","999.0","5384"
"Jeffrey Bleday","MIA","8","35","33","7","1","0","1","3","3","2","9","0","0","0",".209",".259",".327",".586",".253","0.0","0.0","-0.1","999.0","sa3011642"
"Bret Boswell","COL","11","49","45","10","2","0","2","5","5","3","15","0","1","1",".230",".282",".389",".671",".284","0.2","-0.1","-0.1","999.0","sa918769"
"Gregory Polanco","PIT","113","490","437","97","23","2","19","54","62","45","140","3","9","3",".222",".296",".417",".713",".300","-1.6","0.2","-0.1","434.7","12907"
"Seth Brown","OAK","19","84","77","17","4","0","3","9","10","6","26","1","1","0",".219",".274",".380",".654",".277","0.1","0.0","-0.1","601.0","18171"
"Lewin Diaz","MIA","18","77","72","16","3","0","3","8","9","4","18","1","0","0",".228",".270",".398",".669",".279","0.3","-0.1","-0.1","999.0","18365"
"Jared Oliva","PIT","18","77","70","16","3","1","1","8","7","5","19","1","3","1",".233",".295",".346",".641",".277","0.0","0.1","-0.1","999.0","19968"
"Roman Quinn","PHI","31","133","120","27","4","2","3","15","12","9","40","1","9","2",".228",".291",".356",".647",".279","-0.7","0.9","-0.1","563.2","13546"
"Kyle Farmer","CIN","47","202","185","44","10","1","4","19","21","12","46","3","2","1",".240",".294",".369",".663",".284","-0.6","-0.1","-0.2","595.3","14813"
"Dee Gordon","CIN","21","91","85","23","3","1","1","10","7","3","14","1","4","2",".267",".302",".342",".644",".278","-0.5","0.2","-0.2","567.2","8203"
"Joshua Jung","TEX","13","56","52","11","2","0","1","5","5","3","13","1","1","0",".216",".269",".311",".581",".252","0.1","0.0","-0.2","999.0","sa3011468"
"Josh Harrison","WSN","49","210","191","47","8","1","5","22","22","12","38","5","3","2",".247",".303",".370",".673",".289","-0.4","-0.3","-0.2","594.8","8202"
"Andrew Stevenson","WSN","57","245","222","57","11","2","4","28","25","18","65","2","6","2",".256",".316",".385",".701",".301","-0.8","0.0","-0.2","573.7","17932"
"Erik Gonzalez","PIT","29","126","118","29","6","1","2","12","11","6","33","1","2","1",".242",".279",".365",".643",".272","-0.5","-0.2","-0.2","591.8","13369"
"David Dahl","TEX","100","434","396","97","18","4","15","51","50","29","126","3","5","3",".246",".301",".429",".730",".306","-1.2","-0.2","-0.2","361.9","13744"
"Rodolfo Castro","PIT","16","70","65","14","3","0","1","6","6","4","20","1","1","1",".208",".253",".331",".585",".249","0.0","-0.1","-0.2","999.0","sa917362"
"Mickey Moniak","PHI","21","91","84","19","4","1","2","10","9","6","23","0","2","1",".231",".284",".371",".655",".278","-0.5","0.0","-0.2","999.0","19956"
"Michael Reed","OAK","16","70","64","13","3","0","1","7","7","5","24","1","3","1",".197",".254",".320",".573",".246","0.1","0.0","-0.2","999.0","sa738683"
"Jahmai Jones","BAL","40","175","159","36","6","1","3","17","14","12","39","1","3","2",".228",".287",".334",".621",".270","-0.7","-0.5","-0.2","600.5","18872"
"Elias Diaz","COL","91","358","329","89","17","0","7","36","40","24","62","2","1","0",".270",".321",".393",".714",".306","-2.2","-0.2","-0.2","403.2","11680"
"Gerardo Parra","WSN","23","98","89","21","4","0","2","10","10","7","21","1","2","1",".237",".298",".365",".662",".283","0.1","-0.2","-0.2","999.0","8553"
"Magneuris Sierra","MIA","19","84","78","19","3","1","1","8","7","4","17","1","4","1",".242",".284",".331",".615",".266","0.0","0.1","-0.2","600.4","17023"
"Chris Owings","COL","29","126","115","28","6","1","4","14","14","8","35","1","3","1",".241",".295",".395",".690",".292","0.0","0.0","-0.2","600.3","10030"
"Garrett Hampson","COL","79","343","310","79","13","4","7","40","30","26","85","1","15","4",".255",".313",".391",".704",".301","-0.1","1.2","-0.3","255.4","19262"
"Yoenis Cespedes","","53","231","209","47","9","1","11","26","33","17","71","3","2","0",".226",".290",".428",".717",".299","0.0","-0.2","-0.3","595.2","13110"
"Charlie Culberson","TEX","39","168","155","35","7","1","4","17","16","9","48","2","2","1",".229",".278",".356",".634",".270","0.4","-0.1","-0.3","999.0","3298"
"Taylor Trammell","SEA","75","322","284","61","9","2","6","33","26","32","87","3","10","5",".214",".299",".326",".625",".275","1.0","-0.4","-0.3","999.0","sa917943"
"Jorge Mateo","SDP","21","91","85","19","4","1","2","9","10","4","28","1","3","1",".219",".262",".361",".623",".263","-0.1","0.0","-0.3","600.8","17273"
"Anthony Alford","PIT","83","357","322","71","15","2","8","38","33","26","108","5","16","5",".221",".288",".357",".645",".278","-1.7","0.9","-0.3","580.2","14329"
"Lewis Brinson","MIA","42","182","166","35","7","1","5","18","19","12","55","2","4","1",".213",".274",".361",".634",".271","0.0","0.1","-0.4","591.5","14352"
"Sam Hilliard","COL","109","469","426","99","17","4","19","55","55","36","157","3","14","6",".234",".296",".426",".722",".304","-1.8","0.0","-0.4","336.1","17954"
"Eli White","TEX","41","175","158","35","7","1","3","18","15","13","51","2","4","2",".223",".289",".338",".627",".272","-0.9","-0.1","-0.5","999.0","19346"
"Trayce Thompson","ARI","23","98","90","17","3","0","3","10","10","7","36","1","1","1",".185",".243",".343",".587",".249","-0.7","0.0","-0.5","999.0","9952"
"Chris Davis","BAL","29","126","112","20","4","0","4","11","13","12","47","1","0","0",".179",".261",".323",".584",".253","-0.3","-0.1","-0.6","600.4","9272"
"Akil Baddoo","DET","34","147","133","26","4","1","3","14","12","11","41","1","4","2",".199",".265",".321",".586",".255","-1.5","-0.1","-0.6","999.0","sa917953"
"Josh Fuentes","COL","107","462","434","113","24","3","12","51","54","18","122","4","4","2",".260",".293",".413",".706",".297","0.8","-0.2","-0.7","555.3","16885"
"Albert Pujols","LAA","94","406","373","88","16","0","15","41","59","26","62","3","1","0",".236",".288",".399",".687",".289","-0.9","-1.3","-0.7","577.9","1177"
"Andrew Vaughn","CHW","120","518","462","104","21","0","15","57","55","41","113","10","3","3",".225",".300",".373",".673",".290","0.1","-0.8","-0.8","232.3","sa3011226"
